"replication","truth_id","truth_structure","alpha","k_deviation","quadrature_points","rpe_dev","integrated_squared_error","integrated_squared_deviation","basis_rank","centred_deviation_max_abs"
1,"coordinate_a50","coordinate",0.5,15,4001,0.00398425450321191,0.000129088307952147,8.13191375360974,15,4.23792945181134e-17
1,"coordinate_a90","coordinate",0.9,15,4001,0.00398669443601066,0.000129087025689101,8.12188235060398,15,4.85722573273506e-17
1,"cluster_a50","cluster",0.5,15,4001,0.00376714316349578,0.000129083771384655,9.09593598680571,15,1.16573417585641e-16
1,"cluster_a90","cluster",0.9,15,4001,0.00359865709088085,0.000129081720890859,9.96744425867334,15,1.46549439250521e-16
2,"coordinate_a50","coordinate",0.5,15,4001,0.0040138249318962,0.000129086839389758,8.01244598875652,15,4.14945855453652e-17
2,"coordinate_a90","coordinate",0.9,15,4001,0.00396809009216103,0.0001290862799864,8.19817222642956,15,5.4678483962789e-17
2,"cluster_a50","cluster",0.5,15,4001,0.00372329137048993,0.000129083111300943,9.31140843990974,15,1.01862962509358e-16
2,"cluster_a90","cluster",0.9,15,4001,0.00359090094875362,0.000129081588874117,10.0105387492941,15,1.4210854715202e-16
3,"coordinate_a50","coordinate",0.5,15,4001,0.00399272641877823,0.000129084539286755,8.09720476979797,15,4.21884749357559e-17
3,"coordinate_a90","coordinate",0.9,15,4001,0.00395258537750606,0.000129084954482207,8.26253109014593,15,4.63518112781003e-17
3,"cluster_a50","cluster",0.5,15,4001,0.00375811020571953,0.000129083780219979,9.13971497148161,15,1.0547118733939e-16
3,"cluster_a90","cluster",0.9,15,4001,0.00359707755478616,0.000129081722657924,9.97620005560852,15,1.31006316905768e-16
4,"coordinate_a50","coordinate",0.5,15,4001,0.00403209594240347,0.000129085512630018,7.93991382482078,15,3.51454976232901e-17
4,"coordinate_a90","coordinate",0.9,15,4001,0.00399562743067807,0.000129085687877883,8.08552308558768,15,4.9960036108132e-17
4,"cluster_a50","cluster",0.5,15,4001,0.00373812867898958,0.000129083288043867,9.23765045706822,15,1.31561428418081e-16
4,"cluster_a90","cluster",0.9,15,4001,0.00359355015630428,0.000129081624222702,9.99578715272584,15,1.50990331349021e-16
5,"coordinate_a50","coordinate",0.5,15,4001,0.00387748749398441,0.000129082192288348,8.58549858895443,15,5.88765147746528e-17
5,"coordinate_a90","coordinate",0.9,15,4001,0.00390138007195208,0.000129083997885241,8.48078171195078,15,4.10782519111308e-17
5,"cluster_a50","cluster",0.5,15,4001,0.00375507693616393,0.000129084397810407,9.15453046038244,15,8.79851747015437e-17
5,"cluster_a90","cluster",0.9,15,4001,0.00359654519850897,0.00012908184617601,9.97916315338869,15,1.3988810110277e-16
6,"coordinate_a50","coordinate",0.5,15,4001,0.00394168403340202,0.00012908484775329,8.30829006544406,15,4.88498130835069e-17
6,"coordinate_a90","coordinate",0.9,15,4001,0.00394512193538648,0.00012908546496067,8.29385582596105,15,4.4651782271643e-17
6,"cluster_a50","cluster",0.5,15,4001,0.00372929567586167,0.000129083071111819,9.28144625645704,15,9.99200722162641e-17
6,"cluster_a90","cluster",0.9,15,4001,0.00359197609933866,0.000129081580836292,10.0045463126036,15,1.28785870856518e-16
7,"coordinate_a50","coordinate",0.5,15,4001,0.00412033895776807,0.000129087115995087,7.60356055504501,15,4.32986979603811e-17
7,"coordinate_a90","coordinate",0.9,15,4001,0.00400688997124716,0.000129086070642176,8.04015733371211,15,4.05231403988182e-17
7,"cluster_a50","cluster",0.5,15,4001,0.00374182097365359,0.000129083479502252,9.21944236223528,15,9.29811783123569e-17
7,"cluster_a90","cluster",0.9,15,4001,0.00359420546111256,0.000129081662514379,9.99214553375926,15,1.33226762955019e-16
8,"coordinate_a50","coordinate",0.5,15,4001,0.0039319967782823,0.000129085618329773,8.34932858239325,15,5.6170346152129e-17
8,"coordinate_a90","coordinate",0.9,15,4001,0.00392547224709518,0.00012908551203782,8.3770996042739,15,4.24660306919122e-17
8,"cluster_a50","cluster",0.5,15,4001,0.00372402718559681,0.000129083801982597,9.30777900080123,15,1.29896093881143e-16
8,"cluster_a90","cluster",0.9,15,4001,0.00359103306965725,0.000129081727010448,10.0098128614724,15,1.3988810110277e-16
9,"coordinate_a50","coordinate",0.5,15,4001,0.00397598588899886,0.000129086292084895,8.16564429052787,15,5.21804821573824e-17
9,"coordinate_a90","coordinate",0.9,15,4001,0.00396936130614449,0.000129085565549485,8.19287668616344,15,4.34374758384592e-17
9,"cluster_a50","cluster",0.5,15,4001,0.00376531022228362,0.000129082994753189,9.10473910960792,15,1.0991207943789e-16
9,"cluster_a90","cluster",0.9,15,4001,0.00359833713908852,0.000129081565564566,9.96920488323379,15,1.24344978758018e-16
10,"coordinate_a50","coordinate",0.5,15,4001,0.00385311302156887,0.00012908428299152,8.69460527785245,15,3.71924713249427e-17
10,"coordinate_a90","coordinate",0.9,15,4001,0.00391445470004705,0.000129085047585606,8.42429169450739,15,3.5527136788005e-17
10,"cluster_a50","cluster",0.5,15,4001,0.00377085728228188,0.000129083705125948,9.07802200476119,15,1.14352971536391e-16
10,"cluster_a90","cluster",0.9,15,4001,0.003599303848926,0.000129081707639118,9.96386146226444,15,1.28785870856518e-16
11,"coordinate_a50","coordinate",0.5,15,4001,0.00392143585284808,0.00012908463943273,8.39429708971662,15,4.9960036108132e-17
11,"coordinate_a90","coordinate",0.9,15,4001,0.00392586004209473,0.000129085152081016,8.37542135737821,15,4.16333634234434e-17
11,"cluster_a50","cluster",0.5,15,4001,0.00374157450867331,0.000129083623132077,9.22066726810422,15,1.17128529097954e-16
11,"cluster_a90","cluster",0.9,15,4001,0.00359416180160627,0.000129081691240344,9.99239051493305,15,1.11022302462516e-16
12,"coordinate_a50","coordinate",0.5,15,4001,0.0039635743343746,0.000129082966172567,8.21665252361517,15,5.25968157916168e-17
12,"coordinate_a90","coordinate",0.9,15,4001,0.00394955729882171,0.000129084340620787,8.27516616330018,15,4.31946145518225e-17
12,"cluster_a50","cluster",0.5,15,4001,0.00372952917324315,0.000129084786233202,9.28040741889405,15,9.76996261670138e-17
12,"cluster_a90","cluster",0.9,15,4001,0.00359201817050496,0.000129081923860569,10.004338545091,15,1.37667655053519e-16
13,"coordinate_a50","coordinate",0.5,15,4001,0.00396568398535892,0.000129085584833438,8.20807922663131,15,4.94049245958195e-17
13,"coordinate_a90","coordinate",0.9,15,4001,0.00397023276306422,0.000129085726051459,8.18929062823785,15,3.33066907387547e-17
13,"cluster_a50","cluster",0.5,15,4001,0.0037431464349804,0.000129083522501388,9.21291731320098,15,1.0325074129014e-16
13,"cluster_a90","cluster",0.9,15,4001,0.00359444031186116,0.000129081671114206,9.9908405239524,15,1.24344978758018e-16
14,"coordinate_a50","coordinate",0.5,15,4001,0.00392168382551892,0.000129085109661323,8.39326613558311,15,4.35762537165374e-17
14,"coordinate_a90","coordinate",0.9,15,4001,0.00393927071665071,0.000129085113096135,8.31849010398007,15,3.58393870136808e-17
14,"cluster_a50","cluster",0.5,15,4001,0.00369991670247742,0.000129082755790446,9.42940599171613,15,1.15463194561016e-16
14,"cluster_a90","cluster",0.9,15,4001,0.0035866747156622,0.000129081517772018,10.0341382596554,15,1.3988810110277e-16
15,"coordinate_a50","coordinate",0.5,15,4001,0.00398408902670385,0.000129086863062347,8.13249824663183,15,4.00374178255447e-17
15,"coordinate_a90","coordinate",0.9,15,4001,0.00397328967933728,0.000129085461201395,8.17667756628148,15,4.17721413015215e-17
15,"cluster_a50","cluster",0.5,15,4001,0.00369348808143741,0.00012908400938074,9.46235074904175,15,1.21985754830689e-16
15,"cluster_a90","cluster",0.9,15,4001,0.00358550117624261,0.000129081768490076,10.0407272111206,15,1.35447209004269e-16
16,"coordinate_a50","coordinate",0.5,15,4001,0.00406831298057442,0.000129085041263998,7.79914877937509,15,4.44089209850063e-17
16,"coordinate_a90","coordinate",0.9,15,4001,0.00399943111920571,0.000129085422673845,8.0701342260683,15,4.27435864480685e-17
16,"cluster_a50","cluster",0.5,15,4001,0.00374611734073054,0.000129083484616719,9.19830756678176,15,1.31561428418081e-16
16,"cluster_a90","cluster",0.9,15,4001,0.00359496594172766,0.000129081663537272,9.98791857466855,15,1.46549439250521e-16
17,"coordinate_a50","coordinate",0.5,15,4001,0.00387315312527697,0.000129086862290719,8.60503636889214,15,5.35682609381638e-17
17,"coordinate_a90","coordinate",0.9,15,4001,0.00393758470441113,0.000129086077193493,8.32567750553677,15,3.78863607153335e-17
17,"cluster_a50","cluster",0.5,15,4001,0.00380552133711733,0.00012908483462454,8.9134719074039,15,1.20459198171829e-16
17,"cluster_a90","cluster",0.9,15,4001,0.00360526590835177,0.000129081933538836,9.93095144279298,15,1.24344978758018e-16
18,"coordinate_a50","coordinate",0.5,15,4001,0.00400543455417281,0.00012908556197527,8.04596964246214,15,4.10782519111308e-17
18,"coordinate_a90","coordinate",0.9,15,4001,0.00397668142359349,0.00012908604078892,8.16277225377455,15,4.17721413015215e-17
18,"cluster_a50","cluster",0.5,15,4001,0.00374117914089961,0.000129084074630848,9.22264850928786,15,1.22124532708767e-16
18,"cluster_a90","cluster",0.9,15,4001,0.00359409179761613,0.000129081781540098,9.99278676316977,15,1.26565424807268e-16
19,"coordinate_a50","coordinate",0.5,15,4001,0.00392181332896124,0.000129083736398144,8.3926225460315,15,5.50948175970234e-17
19,"coordinate_a90","coordinate",0.9,15,4001,0.00392813688861045,0.000129084902807208,8.36569880841946,15,4.21884749357559e-17
19,"cluster_a50","cluster",0.5,15,4001,0.0037488427238615,0.00012908200815564,9.1848331567193,15,1.02973185533983e-16
19,"cluster_a90","cluster",0.9,15,4001,0.00359544691372825,0.000129081368245056,9.98522369265606,15,1.50990331349021e-16
20,"coordinate_a50","coordinate",0.5,15,4001,0.0038560155641147,0.000129084721551508,8.68155030118186,15,5.41233724504764e-17
20,"coordinate_a90","coordinate",0.9,15,4001,0.0038884196405064,0.000129084570585704,8.53744813136163,15,4.88498130835069e-17
20,"cluster_a50","cluster",0.5,15,4001,0.00375168388435072,0.000129083669050002,9.17104502768337,15,1.06581410364015e-16
20,"cluster_a90","cluster",0.9,15,4001,0.00359594812196802,0.000129081700423929,9.98246606684888,15,1.50990331349021e-16
21,"coordinate_a50","coordinate",0.5,15,4001,0.00404588445902296,0.000129087777607849,7.88602540152112,15,7.105427357601e-17
21,"coordinate_a90","coordinate",0.9,15,4001,0.00398184017503652,0.000129086823333266,8.14168443050416,15,4.17027523624824e-17
21,"cluster_a50","cluster",0.5,15,4001,0.00370868051837866,0.000129081637853658,9.38481295754693,15,1.25385812843604e-16
21,"cluster_a90","cluster",0.9,15,4001,0.00358826663688382,0.00012908129418466,10.0252196528216,15,1.37667655053519e-16
22,"coordinate_a50","coordinate",0.5,15,4001,0.00396670556574998,0.000129084797169901,8.20380191527907,15,4.9960036108132e-17
22,"coordinate_a90","coordinate",0.9,15,4001,0.0039684731209858,0.000129085180731175,8.19651996212386,15,3.71924713249427e-17
22,"cluster_a50","cluster",0.5,15,4001,0.00375506752368036,0.000129082444987712,9.15443786124769,15,1.3988810110277e-16
22,"cluster_a90","cluster",0.9,15,4001,0.00359654309477246,0.000129081455611471,9.97914463356174,15,1.33226762955019e-16
23,"coordinate_a50","coordinate",0.5,15,4001,0.00394658898462488,0.000129083844554546,8.28758685525571,15,4.37150315946155e-17
23,"coordinate_a90","coordinate",0.9,15,4001,0.00396629291376711,0.000129084797199659,8.205509048391,15,3.52495810318487e-17
23,"cluster_a50","cluster",0.5,15,4001,0.003722844344072,0.000129081963577857,9.31356192745967,15,1.15463194561016e-16
23,"cluster_a90","cluster",0.9,15,4001,0.00359082051028526,0.0001290813593295,10.0109694468041,15,1.55431223447522e-16
24,"coordinate_a50","coordinate",0.5,15,4001,0.00396107102054209,0.000129084491202754,8.22713850662747,15,4.08006961549745e-17
24,"coordinate_a90","coordinate",0.9,15,4001,0.00395385196132929,0.000129085292678476,8.25725990439924,15,5.19029264012261e-17
24,"cluster_a50","cluster",0.5,15,4001,0.00373934862278532,0.00012908311799843,9.23161180461112,15,9.99200722162641e-17
24,"cluster_a90","cluster",0.9,15,4001,0.00359376679601751,0.000129081590213615,9.99457942223443,15,1.50990331349021e-16
25,"coordinate_a50","coordinate",0.5,15,4001,0.00387610934338996,0.000129084697169921,8.59177154484025,15,5.49560397189452e-17
25,"coordinate_a90","coordinate",0.9,15,4001,0.00392884144473024,0.000129085666323618,8.3627481127788,15,4.85722573273506e-17
25,"cluster_a50","cluster",0.5,15,4001,0.00378965005224239,0.000129083310117379,8.98818242043154,15,1.31006316905768e-16
25,"cluster_a90","cluster",0.9,15,4001,0.00360255247010122,0.000129081628637404,9.94589354539851,15,1.35447209004269e-16
26,"coordinate_a50","coordinate",0.5,15,4001,0.00401816091469996,0.000129087946248212,7.99523147102294,15,4.14251966063262e-17
26,"coordinate_a90","coordinate",0.9,15,4001,0.00398531950141009,0.000129086844120818,8.12747598179901,15,5.0489126768305e-17
26,"cluster_a50","cluster",0.5,15,4001,0.00370460395976034,0.00012908281827771,9.40556449188381,15,1.38222766565832e-16
26,"cluster_a90","cluster",0.9,15,4001,0.00358752740094079,0.00012908153026947,10.029369959689,15,1.62092561595273e-16
27,"coordinate_a50","coordinate",0.5,15,4001,0.00395426519948837,0.000129083763981422,8.25543638794868,15,4.27435864480685e-17
27,"coordinate_a90","coordinate",0.9,15,4001,0.00394626223127145,0.000129084928738164,8.28902896789925,15,3.96904731303493e-17
27,"cluster_a50","cluster",0.5,15,4001,0.00379613676233232,0.000129084994054354,8.957608114307,15,1.14352971536391e-16
27,"cluster_a90","cluster",0.9,15,4001,0.00360366512960277,0.000129081965424799,9.9397786841736,15,1.50990331349021e-16
28,"coordinate_a50","coordinate",0.5,15,4001,0.00401015813893742,0.00012908681492214,8.02710394536953,15,4.32986979603811e-17
28,"coordinate_a90","coordinate",0.9,15,4001,0.00396279635513599,0.000129086453292041,8.22010109584056,15,4.08006961549745e-17
28,"cluster_a50","cluster",0.5,15,4001,0.00372921408801442,0.000129082460049035,9.28180844126234,15,9.43689570931383e-17
28,"cluster_a90","cluster",0.9,15,4001,0.00359196139531999,0.000129081458623735,10.0046187495647,15,1.55431223447522e-16
29,"coordinate_a50","coordinate",0.5,15,4001,0.00387031211843696,0.000129083026095086,8.61741797873137,15,5.10702591327572e-17
29,"coordinate_a90","coordinate",0.9,15,4001,0.00390738865722654,0.000129084648943274,8.45476177204246,15,4.53109771925142e-17
29,"cluster_a50","cluster",0.5,15,4001,0.00371293851364929,0.000129083790043228,9.36345642133449,15,9.82547376793264e-17
29,"cluster_a90","cluster",0.9,15,4001,0.00358903726693294,0.000129081724622574,10.0209483455791,15,1.28785870856518e-16
30,"coordinate_a50","coordinate",0.5,15,4001,0.00395467722866953,0.000129087320619936,8.25394366002928,15,4.71844785465692e-17
30,"coordinate_a90","coordinate",0.9,15,4001,0.00394725255159531,0.000129086368517903,8.28496265263444,15,3.66373598126302e-17
30,"cluster_a50","cluster",0.5,15,4001,0.00377411647552331,0.000129082197604814,9.06224402259292,15,8.77076189453874e-17
30,"cluster_a90","cluster",0.9,15,4001,0.00359986973737635,0.000129081406134891,9.96070586583079,15,1.53210777398272e-16
31,"coordinate_a50","coordinate",0.5,15,4001,0.00392446175531392,0.000129086730382563,8.38149322820633,15,4.76008121808036e-17
31,"coordinate_a90","coordinate",0.9,15,4001,0.00393836860181604,0.000129085986408979,8.322357677566,15,4.10782519111308e-17
31,"cluster_a50","cluster",0.5,15,4001,0.0037388058391064,0.000129084200360372,9.23436983975479,15,1.20320420293751e-16
31,"cluster_a90","cluster",0.9,15,4001,0.00359367064233932,0.000129081806686003,9.99513102926316,15,1.50990331349021e-16
32,"coordinate_a50","coordinate",0.5,15,4001,0.00398112123854338,0.000129086599528303,8.14461113076727,15,3.87190279838023e-17
32,"coordinate_a90","coordinate",0.9,15,4001,0.00396524368937346,0.000129086443873804,8.20995679407858,15,4.71844785465692e-17
32,"cluster_a50","cluster",0.5,15,4001,0.00371373271516553,0.00012908403961352,9.35947009507638,15,1.12687636999453e-16
32,"cluster_a90","cluster",0.9,15,4001,0.00358918074104692,0.000129081774536633,10.0201510803275,15,1.3988810110277e-16
33,"coordinate_a50","coordinate",0.5,15,4001,0.00402527241535844,0.000129085218033091,7.96683749030066,15,4.26741975090295e-17
33,"coordinate_a90","coordinate",0.9,15,4001,0.00399942200631203,0.000129085672494003,8.07018662083516,15,4.48252546192407e-17
33,"cluster_a50","cluster",0.5,15,4001,0.00376131067638177,0.000129083530567004,9.12415011432469,15,1.00475183728577e-16
33,"cluster_a90","cluster",0.9,15,4001,0.00359763820602665,0.000129081672727329,9.97308708417714,15,1.37667655053519e-16
34,"coordinate_a50","coordinate",0.5,15,4001,0.00408843990229478,0.000129087201860673,7.72267841484156,15,4.81559236931162e-17
34,"coordinate_a90","coordinate",0.9,15,4001,0.00401079559279214,0.000129086644660243,8.02454199622087,15,3.95516952522712e-17
34,"cluster_a50","cluster",0.5,15,4001,0.00372383217938388,0.000129082527965796,9.30866199422492,15,1.29896093881143e-16
34,"cluster_a90","cluster",0.9,15,4001,0.00359099784831033,0.000129081472207088,10.0099894601572,15,1.28785870856518e-16
35,"coordinate_a50","coordinate",0.5,15,4001,0.00380782807318841,0.000129084338765085,8.90264163382182,15,4.77395900588817e-17
35,"coordinate_a90","coordinate",0.9,15,4001,0.00387842307901301,0.000129084913434229,8.58153786097116,15,4.05231403988182e-17
35,"cluster_a50","cluster",0.5,15,4001,0.00374920979489538,0.000129083676295469,9.18315341308896,15,1.23789867245705e-16
35,"cluster_a90","cluster",0.9,15,4001,0.0035955120454481,0.000129081701873022,9.98488774392999,15,1.53210777398272e-16
36,"coordinate_a50","coordinate",0.5,15,4001,0.00398968227430276,0.000129084869058585,8.10958660434988,15,3.66373598126302e-17
36,"coordinate_a90","coordinate",0.9,15,4001,0.0039681637486862,0.000129084746570648,8.19777050003788,15,4.08006961549745e-17
36,"cluster_a50","cluster",0.5,15,4001,0.00369602926002603,0.000129083048652892,9.44927335012398,15,1.3988810110277e-16
36,"cluster_a90","cluster",0.9,15,4001,0.00358596558691428,0.000129081576344507,10.038111731337,15,1.50990331349021e-16
37,"coordinate_a50","coordinate",0.5,15,4001,0.00392944446863739,0.000129085001056545,8.36013848097296,15,4.16333634234434e-17
37,"coordinate_a90","coordinate",0.9,15,4001,0.00393719143055102,0.00012908573735759,8.32731891808606,15,4.21884749357559e-17
37,"cluster_a50","cluster",0.5,15,4001,0.00376964649922366,0.00012908460086089,9.08391756516622,15,1.11299858218672e-16
37,"cluster_a90","cluster",0.9,15,4001,0.00359909339656683,0.000129081886786107,9.96504057434544,15,1.4210854715202e-16
38,"coordinate_a50","coordinate",0.5,15,4001,0.00393299159109902,0.000129084176257488,8.34501212321668,15,4.27435864480685e-17
38,"coordinate_a90","coordinate",0.9,15,4001,0.00394514583233176,0.000129085343329904,8.29374753467301,15,4.19109191795997e-17
38,"cluster_a50","cluster",0.5,15,4001,0.00371266919492895,0.000129083622926952,9.36480280541439,15,1.11022302462516e-16
38,"cluster_a90","cluster",0.9,15,4001,0.0035889885820436,0.000129081691199319,10.0212176223951,15,1.4210854715202e-16
39,"coordinate_a50","coordinate",0.5,15,4001,0.00394204279605831,0.000129087502682518,8.30694871865734,15,5.40539835114373e-17
39,"coordinate_a90","coordinate",0.9,15,4001,0.0039256090832326,0.000129086642781252,8.37658898360169,15,3.89965837399586e-17
39,"cluster_a50","cluster",0.5,15,4001,0.00374555098131915,0.000129083315986981,9.20107748302504,15,1.20459198171829e-16
39,"cluster_a90","cluster",0.9,15,4001,0.00359486577825359,0.000129081629811325,9.98847255791721,15,1.33226762955019e-16
40,"coordinate_a50","coordinate",0.5,15,4001,0.00395383923812019,0.000129086061401299,8.25736222075623,15,3.24740234702858e-17
40,"coordinate_a90","coordinate",0.9,15,4001,0.00396600022049788,0.000129085633292349,8.20677339196017,15,4.21884749357559e-17
40,"cluster_a50","cluster",0.5,15,4001,0.00373881401302519,0.000129082984467226,9.23424248117069,15,9.49240686054509e-17
40,"cluster_a90","cluster",0.9,15,4001,0.00359367183634201,0.000129081563507374,9.99510555754634,15,1.28785870856518e-16
41,"coordinate_a50","coordinate",0.5,15,4001,0.0039518613164546,0.000129086789313355,8.26567658146286,15,4.95957441781769e-17
41,"coordinate_a90","coordinate",0.9,15,4001,0.00394509522173227,0.000129086365346835,8.2940259990788,15,3.94129173741931e-17
41,"cluster_a50","cluster",0.5,15,4001,0.00373813724364646,0.000129082954628644,9.23758426706647,15,1.15463194561016e-16
41,"cluster_a90","cluster",0.9,15,4001,0.00359355160767256,0.000129081557539657,9.9957739147255,15,1.55431223447522e-16
42,"coordinate_a50","coordinate",0.5,15,4001,0.00397854339136514,0.00012908499512892,8.15506758740266,15,5.19029264012261e-17
42,"coordinate_a90","coordinate",0.9,15,4001,0.00396840616893528,0.000129085836044705,8.19683814769204,15,4.66293670342566e-17
42,"cluster_a50","cluster",0.5,15,4001,0.00370545253072561,0.000129083985458638,9.40134213041275,15,1.11022302462516e-16
42,"cluster_a90","cluster",0.9,15,4001,0.00358768168931438,0.000129081763705656,10.0285254873948,15,1.46549439250521e-16
43,"coordinate_a50","coordinate",0.5,15,4001,0.00382252268524287,0.000129084029795324,8.83430465418081,15,4.55191440096314e-17
43,"coordinate_a90","coordinate",0.9,15,4001,0.00391439473647647,0.000129084927247737,8.42454194176868,15,6.10622663543836e-17
43,"cluster_a50","cluster",0.5,15,4001,0.00369033324510584,0.000129082572217011,9.47843071044185,15,1.26010313294955e-16
43,"cluster_a90","cluster",0.9,15,4001,0.00358492311415992,0.000129081481057331,10.0439432034006,15,1.33226762955019e-16
44,"coordinate_a50","coordinate",0.5,15,4001,0.00397113010318727,0.000129087149076999,8.18568028193729,15,6.38378239159465e-17
44,"coordinate_a90","coordinate",0.9,15,4001,0.00397006630657315,0.000129086274584327,8.19001216417163,15,4.34374758384592e-17
44,"cluster_a50","cluster",0.5,15,4001,0.00373790812257533,0.000129083005534154,9.23872041025585,15,1.09356967925578e-16
44,"cluster_a90","cluster",0.9,15,4001,0.00359351090493179,0.000129081567720759,9.99600114336337,15,1.46549439250521e-16
45,"coordinate_a50","coordinate",0.5,15,4001,0.0040774889947757,0.000129084334797545,7.76404325006706,15,5.57887069874141e-17
45,"coordinate_a90","coordinate",0.9,15,4001,0.00399222232833695,0.000129085295128076,8.09929716100753,15,4.88498130835069e-17
45,"cluster_a50","cluster",0.5,15,4001,0.00374115953485006,0.000129083158185,9.22267969675914,15,9.2148511043888e-17
45,"cluster_a90","cluster",0.9,15,4001,0.0035940881241928,0.000129081598250929,9.99279300066403,15,1.35447209004269e-16
46,"coordinate_a50","coordinate",0.5,15,4001,0.004083521600082,0.000129084523504579,7.74113179734967,15,5.14865927669916e-17
46,"coordinate_a90","coordinate",0.9,15,4001,0.00401132413577088,0.000129085041455316,8.02232782921148,15,3.52495810318487e-17
46,"cluster_a50","cluster",0.5,15,4001,0.00371269248481109,0.000129083746738522,9.36469429636023,15,1.17128529097954e-16
46,"cluster_a90","cluster",0.9,15,4001,0.00358899281242819,0.000129081715961633,10.0211959205842,15,1.28785870856518e-16
47,"coordinate_a50","coordinate",0.5,15,4001,0.0039468910681744,0.000129084449961476,8.28635715134296,15,5.02375918642883e-17
47,"coordinate_a90","coordinate",0.9,15,4001,0.00393651863173247,0.000129084497226843,8.33008561294373,15,4.49640324973188e-17
47,"cluster_a50","cluster",0.5,15,4001,0.00370918486273232,0.000129082846282885,9.38234882651403,15,9.76996261670138e-17
47,"cluster_a90","cluster",0.9,15,4001,0.00358835819663051,0.000129081535870506,10.024726826615,15,1.50990331349021e-16
48,"coordinate_a50","coordinate",0.5,15,4001,0.00394656849224142,0.000129086370643449,8.28783510583879,15,4.5102810375397e-17
48,"coordinate_a90","coordinate",0.9,15,4001,0.00395216015443144,0.000129086179016079,8.26438755714418,15,3.71924713249427e-17
48,"cluster_a50","cluster",0.5,15,4001,0.00375975440713476,0.000129084696004223,9.13178761399431,15,1.09634523681734e-16
48,"cluster_a90","cluster",0.9,15,4001,0.00359736597452677,0.000129081905814773,9.97461458411106,15,1.50990331349021e-16
49,"coordinate_a50","coordinate",0.5,15,4001,0.00393151825173666,0.00012908586584459,8.35137720408616,15,6.21031004399697e-17
49,"coordinate_a90","coordinate",0.9,15,4001,0.00392665596272678,0.000129085641719991,8.37205811545919,15,3.81639164714898e-17
49,"cluster_a50","cluster",0.5,15,4001,0.00374626588998061,0.000129083599283646,9.19758627764906,15,1.17961196366423e-16
49,"cluster_a90","cluster",0.9,15,4001,0.00359499222282608,0.000129081686470658,9.98777431684201,15,1.28785870856518e-16
50,"coordinate_a50","coordinate",0.5,15,4001,0.00394053608911249,0.000129084871936479,8.31313301657865,15,4.40619762898109e-17
50,"coordinate_a90","coordinate",0.9,15,4001,0.00396528063024841,0.000129085557457477,8.20974745011564,15,3.66373598126302e-17
50,"cluster_a50","cluster",0.5,15,4001,0.00372908611720926,0.000129084997619696,9.28262797780256,15,8.21565038222616e-17
50,"cluster_a90","cluster",0.9,15,4001,0.00359193903309151,0.000129081966137868,10.0047826568727,15,1.19904086659517e-16
