"replication","truth_id","truth_structure","alpha","sigma","overall_signal_ms","deviation_signal_ms","overall_signal_rms","deviation_signal_rms","snr_overall","snr_dev"
1,"coordinate_a50","coordinate",0.5,0.2,0.479521023153409,0.325171023153409,0.69247456498662,0.570237690049868,11.9880255788352,8.12927557883523
1,"coordinate_a50","coordinate",0.5,0.5,0.479521023153409,0.325171023153409,0.69247456498662,0.570237690049868,1.91808409261364,1.30068409261364
1,"coordinate_a90","coordinate",0.9,0.2,0.479127790619666,0.324777790619666,0.692190573917087,0.569892788706495,11.9781947654916,8.11944476549165
1,"coordinate_a90","coordinate",0.9,0.5,0.479127790619666,0.324777790619666,0.692190573917087,0.569892788706495,1.91651116247866,1.29911116247866
1,"cluster_a50","cluster",0.5,0.2,0.517310685323866,0.362960685323867,0.719243133664734,0.60246218580411,12.9327671330967,9.07401713309666
1,"cluster_a50","cluster",0.5,0.5,0.517310685323866,0.362960685323867,0.719243133664734,0.60246218580411,2.06924274129547,1.45184274129547
1,"cluster_a90","cluster",0.9,0.2,0.551473803629112,0.397123803629112,0.742612822155066,0.630177596895599,13.7868450907278,9.92809509072781
1,"cluster_a90","cluster",0.9,0.5,0.551473803629112,0.397123803629112,0.742612822155066,0.630177596895599,2.20589521451645,1.58849521451645
2,"coordinate_a50","coordinate",0.5,0.2,0.474837885437396,0.320487885437396,0.689084817302918,0.566116494581633,11.8709471359349,8.0121971359349
2,"coordinate_a50","coordinate",0.5,0.5,0.474837885437396,0.320487885437396,0.689084817302918,0.566116494581633,1.89935154174958,1.28195154174958
2,"coordinate_a90","coordinate",0.9,0.2,0.482118352535347,0.327768352535347,0.694347429271073,0.572510569802294,12.0529588133837,8.19420881338368
2,"coordinate_a90","coordinate",0.9,0.5,0.482118352535347,0.327768352535347,0.694347429271073,0.572510569802294,1.92847341014139,1.31107341014139
2,"cluster_a50","cluster",0.5,0.2,0.52575720382585,0.37140720382585,0.725091169320004,0.609431869716255,13.1439300956462,9.28518009564625
2,"cluster_a50","cluster",0.5,0.5,0.52575720382585,0.37140720382585,0.725091169320004,0.609431869716255,2.1030288153034,1.4856288153034
2,"cluster_a90","cluster",0.9,0.2,0.553163107329509,0.398813107329509,0.7437493578683,0.631516513900871,13.8290776832377,9.97032768323772
2,"cluster_a90","cluster",0.9,0.5,0.553163107329509,0.398813107329509,0.7437493578683,0.631516513900871,2.21265242931804,1.59525242931804
3,"coordinate_a50","coordinate",0.5,0.2,0.478160426494397,0.323810426494397,0.691491450774626,0.569043431114355,11.9540106623599,8.09526066235993
3,"coordinate_a50","coordinate",0.5,0.5,0.478160426494397,0.323810426494397,0.691491450774626,0.569043431114355,1.91264170597759,1.29524170597759
3,"coordinate_a90","coordinate",0.9,0.2,0.484641218110978,0.330291218110978,0.696161775818651,0.574709681587998,12.1160304527745,8.25728045277446
3,"coordinate_a90","coordinate",0.9,0.5,0.484641218110978,0.330291218110978,0.696161775818651,0.574709681587998,1.93856487244391,1.32116487244391
3,"cluster_a50","cluster",0.5,0.2,0.519026821361582,0.364676821361582,0.720435161108606,0.603884774904602,12.9756705340396,9.11692053403956
3,"cluster_a50","cluster",0.5,0.5,0.519026821361582,0.364676821361582,0.720435161108606,0.603884774904602,2.07610728544633,1.45870728544633
3,"cluster_a90","cluster",0.9,0.2,0.551817030836655,0.397467030836655,0.742843880527164,0.630449863856481,13.7954257709164,9.93667577091638
3,"cluster_a90","cluster",0.9,0.5,0.551817030836655,0.397467030836655,0.742843880527164,0.630449863856481,2.20726812334662,1.58986812334662
4,"coordinate_a50","coordinate",0.5,0.2,0.471994623266703,0.317644623266703,0.68701864841262,0.563599701265627,11.7998655816676,7.94111558166759
4,"coordinate_a50","coordinate",0.5,0.5,0.471994623266703,0.317644623266703,0.68701864841262,0.563599701265627,1.88797849306681,1.27057849306681
4,"coordinate_a90","coordinate",0.9,0.2,0.477702505930561,0.323352505930561,0.691160260670823,0.568640928821133,11.942562648264,8.08381264826401
4,"coordinate_a90","coordinate",0.9,0.5,0.477702505930561,0.323352505930561,0.691160260670823,0.568640928821133,1.91081002372224,1.29341002372224
4,"cluster_a50","cluster",0.5,0.2,0.52286589140613,0.36851589140613,0.723094662825089,0.607055097504444,13.0716472851532,9.21289728515324
4,"cluster_a50","cluster",0.5,0.5,0.52286589140613,0.36851589140613,0.723094662825089,0.607055097504444,2.09146356562452,1.47406356562452
4,"cluster_a90","cluster",0.9,0.2,0.552584844845565,0.398234844845565,0.743360507994314,0.631058511427875,13.8146211211391,9.95587112113912
4,"cluster_a90","cluster",0.9,0.5,0.552584844845565,0.398234844845565,0.743360507994314,0.631058511427875,2.21033937938226,1.59293937938226
5,"coordinate_a50","coordinate",0.5,0.2,0.497301539398461,0.342951539398461,0.705196099959764,0.585620644614294,12.4325384849615,8.57378848496152
5,"coordinate_a50","coordinate",0.5,0.5,0.497301539398461,0.342951539398461,0.705196099959764,0.585620644614294,1.98920615759384,1.37180615759384
5,"coordinate_a90","coordinate",0.9,0.2,0.493196640450786,0.338846640450786,0.702279602758606,0.582105351676813,12.3299160112696,8.47116601126965
5,"coordinate_a90","coordinate",0.9,0.5,0.493196640450786,0.338846640450786,0.702279602758606,0.582105351676813,1.97278656180314,1.35538656180314
5,"cluster_a50","cluster",0.5,0.2,0.519607589226931,0.365257589226931,0.720838115825551,0.604365443442071,12.9901897306733,9.13143973067328
5,"cluster_a50","cluster",0.5,0.5,0.519607589226931,0.365257589226931,0.720838115825551,0.604365443442071,2.07843035690772,1.46103035690772
5,"cluster_a90","cluster",0.9,0.2,0.551933184409725,0.397583184409725,0.742922058098779,0.630541976722982,13.7983296102431,9.93957961024313
5,"cluster_a90","cluster",0.9,0.5,0.551933184409725,0.397583184409725,0.742922058098779,0.630541976722982,2.2077327376389,1.5903327376389
6,"coordinate_a50","coordinate",0.5,0.2,0.486434969631301,0.332084969631301,0.697448901089751,0.576268140392388,12.1608742407825,8.30212424078252
6,"coordinate_a50","coordinate",0.5,0.5,0.486434969631301,0.332084969631301,0.697448901089751,0.576268140392388,1.9457398785252,1.3283398785252
6,"coordinate_a90","coordinate",0.9,0.2,0.48586914825874,0.33151914825874,0.697043146626334,0.575776995249672,12.1467287064685,8.28797870646851
6,"coordinate_a90","coordinate",0.9,0.5,0.48586914825874,0.33151914825874,0.697043146626334,0.575776995249672,1.94347659303496,1.32607659303496
6,"cluster_a50","cluster",0.5,0.2,0.524582686303141,0.370232686303141,0.724280806250684,0.608467489931172,13.1145671575785,9.25581715757851
6,"cluster_a50","cluster",0.5,0.5,0.524582686303141,0.370232686303141,0.724280806250684,0.608467489931172,2.09833074521256,1.48093074521256
6,"cluster_a90","cluster",0.9,0.2,0.552928203824967,0.398578203824967,0.743591422640799,0.631330502846938,13.8232050956242,9.96445509562418
6,"cluster_a90","cluster",0.9,0.5,0.552928203824967,0.398578203824967,0.743591422640799,0.631330502846938,2.21171281529987,1.59431281529987
7,"coordinate_a50","coordinate",0.5,0.2,0.458809578386254,0.304459578386254,0.677354839346597,0.551778559194043,11.4702394596563,7.61148945965634
7,"coordinate_a50","coordinate",0.5,0.5,0.458809578386254,0.304459578386254,0.677354839346597,0.551778559194043,1.83523831354501,1.21783831354501
7,"coordinate_a90","coordinate",0.9,0.2,0.475924169106,0.321574169106,0.689872574542574,0.567075100058184,11.89810422765,8.03935422764999
7,"coordinate_a90","coordinate",0.9,0.5,0.475924169106,0.321574169106,0.689872574542574,0.567075100058184,1.903696676424,1.286296676424
7,"cluster_a50","cluster",0.5,0.2,0.522152134395628,0.367802134395628,0.722600951006589,0.606466927701443,13.0538033598907,9.19505335989069
7,"cluster_a50","cluster",0.5,0.5,0.522152134395628,0.367802134395628,0.722600951006589,0.606466927701443,2.08860853758251,1.47120853758251
7,"cluster_a90","cluster",0.9,0.2,0.552442093443465,0.398092093443464,0.743264484180069,0.630945396562543,13.8110523360866,9.95230233608661
7,"cluster_a90","cluster",0.9,0.5,0.552442093443465,0.398092093443464,0.743264484180069,0.630945396562543,2.20976837377386,1.59236837377386
8,"coordinate_a50","coordinate",0.5,0.2,0.488043680280823,0.333693680280823,0.6986012312334,0.577662254505886,12.2010920070206,8.34234200702057
8,"coordinate_a50","coordinate",0.5,0.5,0.488043680280823,0.333693680280823,0.6986012312334,0.577662254505886,1.95217472112329,1.33477472112329
8,"coordinate_a90","coordinate",0.9,0.2,0.489132304098567,0.334782304098567,0.699379942590983,0.578603753961696,12.2283076024642,8.36955760246418
8,"coordinate_a90","coordinate",0.9,0.5,0.489132304098567,0.334782304098567,0.699379942590983,0.578603753961696,1.95652921639427,1.33912921639427
8,"cluster_a50","cluster",0.5,0.2,0.525614930675685,0.371264930675685,0.724993055605145,0.609315132485388,13.1403732668921,9.28162326689213
8,"cluster_a50","cluster",0.5,0.5,0.525614930675685,0.371264930675685,0.724993055605145,0.609315132485388,2.10245972270274,1.48505972270274
8,"cluster_a90","cluster",0.9,0.2,0.553134652699476,0.398784652699476,0.743730228442731,0.631493984689859,13.8283663174869,9.9696163174869
8,"cluster_a90","cluster",0.9,0.5,0.553134652699476,0.398784652699476,0.743730228442731,0.631493984689859,2.2125386107979,1.5951386107979
9,"coordinate_a50","coordinate",0.5,0.2,0.480843257590985,0.326493257590985,0.693428624727149,0.571395885171555,12.0210814397746,8.16233143977463
9,"coordinate_a50","coordinate",0.5,0.5,0.480843257590985,0.326493257590985,0.693428624727149,0.571395885171555,1.92337303036394,1.30597303036394
9,"coordinate_a90","coordinate",0.9,0.2,0.481910766499994,0.327560766499993,0.694197930348394,0.572329246588005,12.0477691624998,8.18901916249984
9,"coordinate_a90","coordinate",0.9,0.5,0.481910766499994,0.327560766499993,0.694197930348394,0.572329246588005,1.92764306599997,1.31024306599997
9,"cluster_a50","cluster",0.5,0.2,0.517655766748846,0.363305766748846,0.719482985725754,0.602748510366343,12.9413941687211,9.08264416872115
9,"cluster_a50","cluster",0.5,0.5,0.517655766748846,0.363305766748846,0.719482985725754,0.602748510366343,2.07062306699538,1.45322306699538
9,"cluster_a90","cluster",0.9,0.2,0.551542819914108,0.397192819914108,0.742659289253227,0.630232353909341,13.7885704978527,9.9298204978527
9,"cluster_a90","cluster",0.9,0.5,0.551542819914108,0.397192819914108,0.742659289253227,0.630232353909341,2.20617127965643,1.58877127965643
10,"coordinate_a50","coordinate",0.5,0.2,0.501578523742222,0.347228523742222,0.708222086454681,0.589260997981558,12.5394630935555,8.68071309355554
10,"coordinate_a50","coordinate",0.5,0.5,0.501578523742222,0.347228523742222,0.708222086454681,0.589260997981558,2.00631409496889,1.38891409496889
10,"coordinate_a90","coordinate",0.9,0.2,0.490982233279201,0.336632233279201,0.70070124395437,0.580200166562541,12.27455583198,8.41580583198002
10,"coordinate_a90","coordinate",0.9,0.5,0.490982233279201,0.336632233279201,0.70070124395437,0.580200166562541,1.9639289331168,1.3465289331168
10,"cluster_a50","cluster",0.5,0.2,0.516608457216873,0.362258457216873,0.718754796308778,0.601879105150588,12.9152114304218,9.05646143042182
10,"cluster_a50","cluster",0.5,0.5,0.516608457216873,0.362258457216873,0.718754796308778,0.601879105150588,2.06643382886749,1.44903382886749
10,"cluster_a90","cluster",0.9,0.2,0.551333358007714,0.396983358007714,0.742518254326258,0.630066153675718,13.7833339501928,9.92458395019284
10,"cluster_a90","cluster",0.9,0.5,0.551333358007714,0.396983358007714,0.742518254326258,0.630066153675718,2.20533343203085,1.58793343203085
11,"coordinate_a50","coordinate",0.5,0.2,0.489806444388075,0.335456444388075,0.699861732335805,0.579186018812674,12.2451611097019,8.38641110970186
11,"coordinate_a50","coordinate",0.5,0.5,0.489806444388075,0.335456444388075,0.699861732335805,0.579186018812674,1.9592257775523,1.3418257775523
11,"coordinate_a90","coordinate",0.9,0.2,0.489066516384612,0.334716516384612,0.6993329081236,0.578546900764849,12.2266629096153,8.36791290961529
11,"coordinate_a90","coordinate",0.9,0.5,0.489066516384612,0.334716516384612,0.6993329081236,0.578546900764849,1.95626606553845,1.33886606553845
11,"cluster_a50","cluster",0.5,0.2,0.522200150877334,0.367850150877334,0.722634174999587,0.606506513466536,13.0550037719333,9.19625377193334
11,"cluster_a50","cluster",0.5,0.5,0.522200150877334,0.367850150877334,0.722634174999587,0.606506513466536,2.08880060350933,1.47140060350933
11,"cluster_a90","cluster",0.9,0.2,0.552451696739806,0.398101696739806,0.743270944366727,0.630953006760254,13.8112924184951,9.95254241849514
11,"cluster_a90","cluster",0.9,0.5,0.552451696739806,0.398101696739806,0.743270944366727,0.630953006760254,2.20980678695922,1.59240678695922
12,"coordinate_a50","coordinate",0.5,0.2,0.482842776040777,0.328492776040777,0.694868891259911,0.573142893213182,12.0710694010194,8.21231940101943
12,"coordinate_a50","coordinate",0.5,0.5,0.482842776040777,0.328492776040777,0.694868891259911,0.573142893213182,1.93137110416311,1.31397110416311
12,"coordinate_a90","coordinate",0.9,0.2,0.485136512174649,0.330786512174649,0.696517416993035,0.57514042822136,12.1284128043662,8.26966280436622
12,"coordinate_a90","coordinate",0.9,0.5,0.485136512174649,0.330786512174649,0.696517416993035,0.57514042822136,1.9405460486986,1.3231460486986
12,"cluster_a50","cluster",0.5,0.2,0.524541965982016,0.370191965982015,0.724252694839319,0.608434027633248,13.1135491495504,9.25479914955038
12,"cluster_a50","cluster",0.5,0.5,0.524541965982016,0.370191965982015,0.724252694839319,0.608434027633248,2.09816786392806,1.48076786392806
12,"cluster_a90","cluster",0.9,0.2,0.552920059760742,0.398570059760742,0.743585946451883,0.631324052892603,13.8230014940186,9.96425149401855
12,"cluster_a90","cluster",0.9,0.5,0.552920059760742,0.398570059760742,0.743585946451883,0.631324052892603,2.21168023904297,1.59428023904297
13,"coordinate_a50","coordinate",0.5,0.2,0.482506706050148,0.328156706050148,0.69462702657624,0.572849636510444,12.0626676512537,8.2039176512537
13,"coordinate_a50","coordinate",0.5,0.5,0.482506706050148,0.328156706050148,0.69462702657624,0.572849636510444,1.93002682420059,1.31262682420059
13,"coordinate_a90","coordinate",0.9,0.2,0.481770193240633,0.327420193240633,0.694096674275733,0.572206425375172,12.0442548310158,8.18550483101582
13,"coordinate_a90","coordinate",0.9,0.5,0.481770193240633,0.327420193240633,0.694096674275733,0.572206425375172,1.92708077296253,1.30968077296253
13,"cluster_a50","cluster",0.5,0.2,0.521896352552014,0.367546352552014,0.722423942399484,0.606256012384218,13.0474088138003,9.18865881380034
13,"cluster_a50","cluster",0.5,0.5,0.521896352552014,0.367546352552014,0.722423942399484,0.606256012384218,2.08758541020805,1.47018541020805
13,"cluster_a90","cluster",0.9,0.2,0.552390937074742,0.398040937074742,0.743230070082435,0.630904855802158,13.8097734268685,9.95102342686854
13,"cluster_a90","cluster",0.9,0.5,0.552390937074742,0.398040937074742,0.743230070082435,0.630904855802158,2.20956374829897,1.59216374829897
14,"coordinate_a50","coordinate",0.5,0.2,0.48976603156784,0.33541603156784,0.699832859737123,0.579151130161929,12.244150789196,8.38540078919599
14,"coordinate_a50","coordinate",0.5,0.5,0.48976603156784,0.33541603156784,0.699832859737123,0.579151130161929,1.95906412627136,1.34166412627136
14,"coordinate_a90","coordinate",0.9,0.2,0.486834811427746,0.332484811427746,0.697735488152742,0.576614959420709,12.1708702856936,8.31212028569364
14,"coordinate_a90","coordinate",0.9,0.5,0.486834811427746,0.332484811427746,0.697735488152742,0.576614959420709,1.94733924571098,1.32993924571098
14,"cluster_a50","cluster",0.5,0.2,0.530382706955105,0.376032706955105,0.728273785711874,0.613215057671536,13.2595676738776,9.40081767387762
14,"cluster_a50","cluster",0.5,0.5,0.530382706955105,0.376032706955105,0.728273785711874,0.613215057671536,2.12153082782042,1.50413082782042
14,"cluster_a90","cluster",0.9,0.2,0.55408820795536,0.39973820795536,0.744371014988735,0.632248533375412,13.852205198884,9.993455198884
14,"cluster_a90","cluster",0.9,0.5,0.55408820795536,0.39973820795536,0.744371014988735,0.632248533375412,2.21635283182144,1.59895283182144
15,"coordinate_a50","coordinate",0.5,0.2,0.479543933502336,0.325193933502336,0.692491107164804,0.570257778116472,11.9885983375584,8.1298483375584
15,"coordinate_a50","coordinate",0.5,0.5,0.479543933502336,0.325193933502336,0.692491107164804,0.570257778116472,1.91817573400934,1.30077573400934
15,"coordinate_a90","coordinate",0.9,0.2,0.48127576093622,0.32692576093622,0.693740413221127,0.571774221993454,12.0318940234055,8.17314402340549
15,"coordinate_a90","coordinate",0.9,0.5,0.48127576093622,0.32692576093622,0.693740413221127,0.571774221993454,1.92510304374488,1.30770304374488
15,"cluster_a50","cluster",0.5,0.2,0.531674142852708,0.377324142852708,0.729159888400828,0.614267159184591,13.2918535713177,9.4331035713177
15,"cluster_a50","cluster",0.5,0.5,0.531674142852708,0.377324142852708,0.729159888400828,0.614267159184591,2.12669657141083,1.50929657141083
15,"cluster_a90","cluster",0.9,0.2,0.554346495134881,0.399996495134881,0.744544488351691,0.632452761188439,13.858662378372,9.99991237837201
15,"cluster_a90","cluster",0.9,0.5,0.554346495134881,0.399996495134881,0.744544488351691,0.632452761188439,2.21738598053952,1.59998598053952
16,"coordinate_a50","coordinate",0.5,0.2,0.466476633460537,0.312126633460537,0.68299094683644,0.558682945381848,11.6619158365134,7.80316583651343
16,"coordinate_a50","coordinate",0.5,0.5,0.466476633460537,0.312126633460537,0.68299094683644,0.558682945381848,1.86590653384215,1.24850653384215
16,"coordinate_a90","coordinate",0.9,0.2,0.477099262372176,0.322749262372176,0.690723723620505,0.568110255471749,11.9274815593044,8.0687315593044
16,"coordinate_a90","coordinate",0.9,0.5,0.477099262372176,0.322749262372176,0.690723723620505,0.568110255471749,1.9083970494887,1.2909970494887
16,"cluster_a50","cluster",0.5,0.2,0.521323650503378,0.366973650503378,0.722027458275223,0.605783501346296,13.0330912625845,9.17434126258446
16,"cluster_a50","cluster",0.5,0.5,0.521323650503378,0.366973650503378,0.722027458275223,0.605783501346296,2.08529460201351,1.46789460201351
16,"cluster_a90","cluster",0.9,0.2,0.552276396665015,0.397926396665015,0.743153010264383,0.630814074561605,13.8069099166254,9.94815991662536
16,"cluster_a90","cluster",0.9,0.5,0.552276396665015,0.397926396665015,0.743153010264383,0.630814074561605,2.20910558666006,1.59170558666006
17,"coordinate_a50","coordinate",0.5,0.2,0.498067426032777,0.343717426032777,0.705738922004998,0.586274190147218,12.4516856508194,8.59293565081941
17,"coordinate_a50","coordinate",0.5,0.5,0.498067426032777,0.343717426032777,0.705738922004998,0.586274190147218,1.99226970413111,1.37486970413111
17,"coordinate_a90","coordinate",0.9,0.2,0.487116558724979,0.332766558724979,0.697937360172802,0.576859219155748,12.1779139681245,8.31916396812447
17,"coordinate_a90","coordinate",0.9,0.5,0.487116558724979,0.332766558724979,0.697937360172802,0.576859219155748,1.94846623489992,1.33106623489992
17,"cluster_a50","cluster",0.5,0.2,0.510158095436328,0.355808095436328,0.714253523222902,0.596496517539146,12.7539523859082,8.89520238590821
17,"cluster_a50","cluster",0.5,0.5,0.510158095436328,0.355808095436328,0.714253523222902,0.596496517539146,2.04063238174531,1.42323238174531
17,"cluster_a90","cluster",0.9,0.2,0.550043285651605,0.395693285651605,0.74164903131576,0.629041561148073,13.7510821412901,9.89233214129012
17,"cluster_a90","cluster",0.9,0.5,0.550043285651605,0.395693285651605,0.74164903131576,0.629041561148073,2.20017314260642,1.58277314260642
18,"coordinate_a50","coordinate",0.5,0.2,0.476152010961143,0.321802010961143,0.690037688073009,0.567275956621769,11.9038002740286,8.04505027402857
18,"coordinate_a50","coordinate",0.5,0.5,0.476152010961143,0.321802010961143,0.690037688073009,0.567275956621769,1.90460804384457,1.28720804384457
18,"coordinate_a90","coordinate",0.9,0.2,0.480730673452818,0.326380673452818,0.693347440647773,0.571297359921099,12.0182668363204,8.15951683632044
18,"coordinate_a90","coordinate",0.9,0.5,0.480730673452818,0.326380673452818,0.693347440647773,0.571297359921099,1.92292269381127,1.30552269381127
18,"cluster_a50","cluster",0.5,0.2,0.522277816078654,0.367927816078654,0.722687910566279,0.606570536770996,13.0569454019664,9.19819540196636
18,"cluster_a50","cluster",0.5,0.5,0.522277816078654,0.367927816078654,0.722687910566279,0.606570536770996,2.08911126431462,1.47171126431462
18,"cluster_a90","cluster",0.9,0.2,0.55246722978007,0.39811722978007,0.743281393403649,0.630965315829698,13.8116807445017,9.95293074450174
18,"cluster_a90","cluster",0.9,0.5,0.55246722978007,0.39811722978007,0.743281393403649,0.630965315829698,2.20986891912028,1.59246891912028
19,"coordinate_a50","coordinate",0.5,0.2,0.489740801172717,0.335390801172717,0.699814833490058,0.579129347531894,12.2435200293179,8.38477002931792
19,"coordinate_a50","coordinate",0.5,0.5,0.489740801172717,0.335390801172717,0.699814833490058,0.579129347531894,1.95896320469087,1.34156320469087
19,"coordinate_a90","coordinate",0.9,0.2,0.488685392197458,0.334335392197458,0.699060363772298,0.578217426404167,12.2171348049364,8.35838480493645
19,"coordinate_a90","coordinate",0.9,0.5,0.488685392197458,0.334335392197458,0.699060363772298,0.578217426404167,1.95474156878983,1.33734156878983
19,"cluster_a50","cluster",0.5,0.2,0.520795451867976,0.366445451867976,0.721661590960733,0.605347381152323,13.0198862966994,9.16113629669939
19,"cluster_a50","cluster",0.5,0.5,0.520795451867976,0.366445451867976,0.721661590960733,0.605347381152323,2.0831818074719,1.4657818074719
19,"cluster_a90","cluster",0.9,0.2,0.552170756937934,0.397820756937934,0.743081931510876,0.630730336148448,13.8042689234483,9.94551892344835
19,"cluster_a90","cluster",0.9,0.5,0.552170756937934,0.397820756937934,0.743081931510876,0.630730336148448,2.20868302775174,1.59128302775174
20,"coordinate_a50","coordinate",0.5,0.2,0.501066769246984,0.346716769246984,0.70786069904112,0.588826603718772,12.5266692311746,8.66791923117459
20,"coordinate_a50","coordinate",0.5,0.5,0.501066769246984,0.346716769246984,0.70786069904112,0.588826603718772,2.00426707698794,1.38686707698794
20,"coordinate_a90","coordinate",0.9,0.2,0.495417964572133,0.341067964572133,0.703859335785307,0.584010243550688,12.3854491143033,8.52669911430333
20,"coordinate_a90","coordinate",0.9,0.5,0.495417964572133,0.341067964572133,0.703859335785307,0.584010243550688,1.98167185828853,1.36427185828853
20,"cluster_a50","cluster",0.5,0.2,0.520254959304703,0.365904959304703,0.721287015899151,0.604900784678531,13.0063739826176,9.14762398261756
20,"cluster_a50","cluster",0.5,0.5,0.520254959304703,0.365904959304703,0.721287015899151,0.604900784678531,2.08101983721881,1.46361983721881
20,"cluster_a90","cluster",0.9,0.2,0.552062658425279,0.39771265842528,0.743009191346432,0.630644637196955,13.801566460632,9.94281646063199
20,"cluster_a90","cluster",0.9,0.5,0.552062658425279,0.39771265842528,0.743009191346432,0.630644637196955,2.20825063370112,1.59085063370112
21,"coordinate_a50","coordinate",0.5,0.2,0.469882200068434,0.315532200068434,0.685479540225989,0.561722529429285,11.7470550017108,7.88830500171084
21,"coordinate_a50","coordinate",0.5,0.5,0.469882200068434,0.315532200068434,0.685479540225989,0.561722529429285,1.87952880027373,1.26212880027373
21,"coordinate_a90","coordinate",0.9,0.2,0.479904031825137,0.325554031825137,0.692751060500911,0.570573423693337,11.9976007956284,8.13885079562842
21,"coordinate_a90","coordinate",0.9,0.5,0.479904031825137,0.325554031825137,0.692751060500911,0.570573423693337,1.91961612730055,1.30221612730055
21,"cluster_a50","cluster",0.5,0.2,0.528634658817781,0.374284658817781,0.727072664056201,0.611788083259049,13.2158664704445,9.35711647044453
21,"cluster_a50","cluster",0.5,0.5,0.528634658817781,0.374284658817781,0.727072664056201,0.611788083259049,2.11453863527113,1.49713863527113
21,"cluster_a90","cluster",0.9,0.2,0.553738598327895,0.399388598327895,0.744136142334113,0.631971991727399,13.8434649581974,9.98471495819738
21,"cluster_a90","cluster",0.9,0.5,0.553738598327895,0.399388598327895,0.744136142334113,0.631971991727399,2.21495439331158,1.59755439331158
22,"coordinate_a50","coordinate",0.5,0.2,0.482339034494239,0.327989034494239,0.69450632430111,0.572703269149251,12.058475862356,8.19972586235597
22,"coordinate_a50","coordinate",0.5,0.5,0.482339034494239,0.327989034494239,0.69450632430111,0.572703269149251,1.92935613797696,1.31195613797696
22,"coordinate_a90","coordinate",0.9,0.2,0.482053582430492,0.327703582430492,0.694300786713145,0.572454000274688,12.0513395607623,8.1925895607623
22,"coordinate_a90","coordinate",0.9,0.5,0.482053582430492,0.327703582430492,0.694300786713145,0.572454000274688,1.92821432972197,1.31081432972197
22,"cluster_a50","cluster",0.5,0.2,0.519603956941914,0.365253956941914,0.720835596333806,0.604362438394308,12.9900989235478,9.13134892354785
22,"cluster_a50","cluster",0.5,0.5,0.519603956941914,0.365253956941914,0.720835596333806,0.604362438394308,2.07841582776766,1.46101582776766
22,"cluster_a90","cluster",0.9,0.2,0.551932457952722,0.397582457952722,0.742921569179898,0.630541400665112,13.798311448818,9.93956144881804
22,"cluster_a90","cluster",0.9,0.5,0.551932457952722,0.397582457952722,0.742921569179898,0.630541400665112,2.20772983181089,1.59032983181089
23,"coordinate_a50","coordinate",0.5,0.2,0.485623402640901,0.331273402640901,0.696866847138606,0.575563552217217,12.1405850660225,8.28183506602253
23,"coordinate_a50","coordinate",0.5,0.5,0.485623402640901,0.331273402640901,0.696866847138606,0.575563552217217,1.9424936105636,1.3250936105636
23,"coordinate_a90","coordinate",0.9,0.2,0.482405954105539,0.328055954105539,0.694554500457336,0.572761690500979,12.0601488526385,8.20139885263848
23,"coordinate_a90","coordinate",0.9,0.5,0.482405954105539,0.328055954105539,0.694554500457336,0.572761690500979,1.92962381642216,1.31222381642216
23,"cluster_a50","cluster",0.5,0.2,0.525841619119196,0.371491619119196,0.725149377107363,0.609501123148429,13.1460404779799,9.28729047797991
23,"cluster_a50","cluster",0.5,0.5,0.525841619119196,0.371491619119196,0.725149377107363,0.609501123148429,2.10336647647679,1.48596647647679
23,"cluster_a90","cluster",0.9,0.2,0.553179990388178,0.398829990388178,0.743760707746906,0.631529880835561,13.8294997597045,9.97074975970446
23,"cluster_a90","cluster",0.9,0.5,0.553179990388178,0.398829990388178,0.743760707746906,0.631529880835561,2.21271996155271,1.59531996155271
24,"coordinate_a50","coordinate",0.5,0.2,0.483253828407258,0.328903828407258,0.695164605260695,0.573501376116272,12.0813457101814,8.22259571018145
24,"coordinate_a50","coordinate",0.5,0.5,0.483253828407258,0.328903828407258,0.695164605260695,0.573501376116272,1.93301531362903,1.31561531362903
24,"coordinate_a90","coordinate",0.9,0.2,0.484434588065989,0.330084588065989,0.696013353367584,0.57452988439766,12.1108647016497,8.25211470164972
24,"coordinate_a90","coordinate",0.9,0.5,0.484434588065989,0.330084588065989,0.696013353367584,0.57452988439766,1.93773835226396,1.32033835226395
24,"cluster_a50","cluster",0.5,0.2,0.522629176044673,0.368279176044673,0.722930962156604,0.606860095940302,13.0657294011168,9.20697940111682
24,"cluster_a50","cluster",0.5,0.5,0.522629176044673,0.368279176044673,0.722930962156604,0.606860095940302,2.09051670417869,1.47311670417869
24,"cluster_a90","cluster",0.9,0.2,0.552537501773274,0.398187501773274,0.743328663360477,0.631020999470916,13.8134375443318,9.95468754433184
24,"cluster_a90","cluster",0.9,0.5,0.552537501773274,0.398187501773274,0.743328663360477,0.631020999470916,2.21015000709309,1.59275000709309
25,"coordinate_a50","coordinate",0.5,0.2,0.497547442322054,0.343197442322054,0.705370429151984,0.585830557688871,12.4386860580513,8.57993605805135
25,"coordinate_a50","coordinate",0.5,0.5,0.497547442322054,0.343197442322054,0.705370429151984,0.585830557688871,1.99018976928822,1.37278976928822
25,"coordinate_a90","coordinate",0.9,0.2,0.488569725878047,0.334219725878047,0.698977629025455,0.578117398006708,12.2142431469512,8.35549314695117
25,"coordinate_a90","coordinate",0.9,0.5,0.488569725878047,0.334219725878047,0.698977629025455,0.578117398006708,1.95427890351219,1.33687890351219
25,"cluster_a50","cluster",0.5,0.2,0.513086745379687,0.358736745379687,0.716300736687941,0.598946362690089,12.8271686344922,8.96841863449218
25,"cluster_a50","cluster",0.5,0.5,0.513086745379687,0.358736745379687,0.716300736687941,0.598946362690089,2.05234698151875,1.43494698151875
25,"cluster_a90","cluster",0.9,0.2,0.550629015640276,0.396279015640276,0.742043809785026,0.629506962344561,13.7657253910069,9.90697539100691
25,"cluster_a90","cluster",0.9,0.5,0.550629015640276,0.396279015640276,0.742043809785026,0.629506962344561,2.20251606256111,1.58511606256111
26,"coordinate_a50","coordinate",0.5,0.2,0.474163077769965,0.319813077769965,0.68859500271928,0.565520183344472,11.8540769442491,7.99532694424913
26,"coordinate_a50","coordinate",0.5,0.5,0.474163077769965,0.319813077769965,0.68859500271928,0.565520183344472,1.89665231107986,1.27925231107986
26,"coordinate_a90","coordinate",0.9,0.2,0.479347060717399,0.324997060717399,0.692348944331829,0.570085134622364,11.983676517935,8.12492651793497
26,"coordinate_a90","coordinate",0.9,0.5,0.479347060717399,0.324997060717399,0.692348944331829,0.570085134622364,1.91738824286959,1.29998824286959
26,"cluster_a50","cluster",0.5,0.2,0.529448120332358,0.375098120332358,0.727631857694781,0.612452545371768,13.2362030083089,9.37745300830895
26,"cluster_a50","cluster",0.5,0.5,0.529448120332358,0.375098120332358,0.727631857694781,0.612452545371768,2.11779248132943,1.50039248132943
26,"cluster_a90","cluster",0.9,0.2,0.553901290630811,0.399551290630811,0.744245450527452,0.632100696590987,13.8475322657703,9.98878226577026
26,"cluster_a90","cluster",0.9,0.5,0.553901290630811,0.399551290630811,0.744245450527452,0.632100696590987,2.21560516252324,1.59820516252324
27,"coordinate_a50","coordinate",0.5,0.2,0.484363104350104,0.330013104350104,0.695961999214112,0.574467670413317,12.1090776087526,8.25032760875259
27,"coordinate_a50","coordinate",0.5,0.5,0.484363104350104,0.330013104350104,0.695961999214112,0.574467670413317,1.93745241740041,1.32005241740041
27,"coordinate_a90","coordinate",0.9,0.2,0.48567993478291,0.33132993478291,0.696907407610875,0.575612660374066,12.1419983695727,8.28324836957274
27,"coordinate_a90","coordinate",0.9,0.5,0.48567993478291,0.33132993478291,0.696907407610875,0.575612660374066,1.94271973913164,1.32531973913164
27,"cluster_a50","cluster",0.5,0.2,0.511888234768968,0.357538234768969,0.715463650208009,0.597945009820275,12.7972058692242,8.93845586922421
27,"cluster_a50","cluster",0.5,0.5,0.511888234768968,0.357538234768969,0.715463650208009,0.597945009820275,2.04755293907587,1.43015293907587
27,"cluster_a90","cluster",0.9,0.2,0.550389313518133,0.396039313518133,0.7418822773986,0.629316544767522,13.7597328379533,9.90098283795332
27,"cluster_a90","cluster",0.9,0.5,0.550389313518133,0.396039313518133,0.7418822773986,0.629316544767522,2.20155725407253,1.58415725407253
28,"coordinate_a50","coordinate",0.5,0.2,0.47541247724883,0.32106247724883,0.689501615116912,0.566623752810302,11.8853119312208,8.02656193122076
28,"coordinate_a50","coordinate",0.5,0.5,0.47541247724883,0.32106247724883,0.689501615116912,0.566623752810302,1.90164990899532,1.28424990899532
28,"coordinate_a90","coordinate",0.9,0.2,0.482977964342815,0.328627964342815,0.69496616057389,0.573260817030795,12.0744491085704,8.21569910857036
28,"coordinate_a90","coordinate",0.9,0.5,0.482977964342815,0.328627964342815,0.69496616057389,0.573260817030795,1.93191185737126,1.31451185737126
28,"cluster_a50","cluster",0.5,0.2,0.524596883195311,0.370246883195311,0.724290606866685,0.608479155925091,13.1149220798828,9.25617207988277
28,"cluster_a50","cluster",0.5,0.5,0.524596883195311,0.370246883195311,0.724290606866685,0.608479155925091,2.09838753278124,1.48098753278124
28,"cluster_a90","cluster",0.9,0.2,0.552931043203401,0.398581043203401,0.74359333187126,0.631332751568775,13.823276080085,9.96452608008503
28,"cluster_a90","cluster",0.9,0.5,0.552931043203401,0.398581043203401,0.74359333187126,0.631332751568775,2.2117241728136,1.5943241728136
29,"coordinate_a50","coordinate",0.5,0.2,0.498552780376435,0.344202780376435,0.706082700805249,0.586687975312632,12.4638195094109,8.60506950941088
29,"coordinate_a50","coordinate",0.5,0.5,0.498552780376435,0.344202780376435,0.706082700805249,0.586687975312632,1.99421112150574,1.37681112150574
29,"coordinate_a90","coordinate",0.9,0.2,0.492176659708777,0.337826659708777,0.701553034138387,0.581228577849349,12.3044164927194,8.44566649271941
29,"coordinate_a90","coordinate",0.9,0.5,0.492176659708777,0.337826659708777,0.701553034138387,0.581228577849349,1.96870663883511,1.35130663883511
29,"cluster_a50","cluster",0.5,0.2,0.52779748532662,0.37344748532662,0.726496720795504,0.611103498048097,13.1949371331655,9.3361871331655
29,"cluster_a50","cluster",0.5,0.5,0.52779748532662,0.37344748532662,0.726496720795504,0.611103498048097,2.11118994130648,1.49378994130648
29,"cluster_a90","cluster",0.9,0.2,0.553571163629663,0.399221163629663,0.74402363109626,0.631839507810063,13.8392790907416,9.98052909074157
29,"cluster_a90","cluster",0.9,0.5,0.553571163629663,0.399221163629663,0.74402363109626,0.631839507810063,2.21428465451865,1.59688465451865
30,"coordinate_a50","coordinate",0.5,0.2,0.484304593791341,0.329954593791341,0.695919962202078,0.574416742262394,12.1076148447835,8.24886484478352
30,"coordinate_a50","coordinate",0.5,0.5,0.484304593791341,0.329954593791341,0.695919962202078,0.574416742262394,1.93721837516536,1.31981837516536
30,"coordinate_a90","coordinate",0.9,0.2,0.485520537009504,0.331170537009504,0.69679303742898,0.57547418448572,12.1380134252376,8.2792634252376
30,"coordinate_a90","coordinate",0.9,0.5,0.485520537009504,0.331170537009504,0.69679303742898,0.57547418448572,1.94208214803802,1.32468214803802
30,"cluster_a50","cluster",0.5,0.2,0.515989958525835,0.361639958525835,0.718324410364728,0.601365079237093,12.8997489631459,9.04099896314586
30,"cluster_a50","cluster",0.5,0.5,0.515989958525835,0.361639958525835,0.718324410364728,0.601365079237093,2.06395983410334,1.44655983410334
30,"cluster_a90","cluster",0.9,0.2,0.551209658269506,0.396859658269506,0.742434952214338,0.62996798193996,13.7802414567376,9.92149145673765
30,"cluster_a90","cluster",0.9,0.5,0.551209658269506,0.396859658269506,0.742434952214338,0.62996798193996,2.20483863307802,1.58743863307802
31,"coordinate_a50","coordinate",0.5,0.2,0.489304535636309,0.334954535636309,0.699503063350197,0.578752568578585,12.2326133909077,8.37386339090773
31,"coordinate_a50","coordinate",0.5,0.5,0.489304535636309,0.334954535636309,0.699503063350197,0.578752568578585,1.95721814254524,1.33981814254524
31,"coordinate_a90","coordinate",0.9,0.2,0.48698642137006,0.33263642137006,0.697844123977597,0.576746409932528,12.1746605342515,8.3159105342515
31,"coordinate_a90","coordinate",0.9,0.5,0.48698642137006,0.33263642137006,0.697844123977597,0.576746409932528,1.94794568548024,1.33054568548024
31,"cluster_a50","cluster",0.5,0.2,0.522737292341266,0.368387292341266,0.723005734653098,0.606949167839668,13.0684323085316,9.20968230853164
31,"cluster_a50","cluster",0.5,0.5,0.522737292341266,0.368387292341266,0.723005734653098,0.606949167839668,2.09094916936506,1.47354916936506
31,"cluster_a90","cluster",0.9,0.2,0.552559125032592,0.398209125032592,0.74334320810282,0.631038132788021,13.8139781258148,9.9552281258148
31,"cluster_a90","cluster",0.9,0.5,0.552559125032592,0.398209125032592,0.74334320810282,0.631038132788021,2.21023650013037,1.59283650013037
32,"coordinate_a50","coordinate",0.5,0.2,0.480018758188949,0.325668758188949,0.692833860452092,0.570673950858938,12.0004689547237,8.14171895472373
32,"coordinate_a50","coordinate",0.5,0.5,0.480018758188949,0.325668758188949,0.692833860452092,0.570673950858938,1.9200750327558,1.3026750327558
32,"coordinate_a90","coordinate",0.9,0.2,0.482580307742129,0.328230307742129,0.694680003845029,0.572913874628752,12.0645076935532,8.20575769355323
32,"coordinate_a90","coordinate",0.9,0.5,0.482580307742129,0.328230307742129,0.694680003845029,0.572913874628752,1.93032123096852,1.31292123096852
32,"cluster_a50","cluster",0.5,0.2,0.527641221659633,0.373291221659633,0.726389166810487,0.61097563098673,13.1910305414908,9.33228054149082
32,"cluster_a50","cluster",0.5,0.5,0.527641221659633,0.373291221659633,0.726389166810487,0.61097563098673,2.11056488663853,1.49316488663853
32,"cluster_a90","cluster",0.9,0.2,0.553539910896266,0.399189910896266,0.744002628285859,0.631814775781847,13.8384977724066,9.97974777240664
32,"cluster_a90","cluster",0.9,0.5,0.553539910896266,0.399189910896266,0.744002628285859,0.631814775781847,2.21415964358506,1.59675964358506
33,"coordinate_a50","coordinate",0.5,0.2,0.473050030485518,0.318700030485518,0.687786326183879,0.564535234051443,11.8262507621379,7.96750076213794
33,"coordinate_a50","coordinate",0.5,0.5,0.473050030485518,0.318700030485518,0.687786326183879,0.564535234051443,1.89220012194207,1.27480012194207
33,"coordinate_a90","coordinate",0.9,0.2,0.477101316553768,0.322751316553768,0.690725210596636,0.56811206337638,11.9275329138442,8.06878291384419
33,"coordinate_a90","coordinate",0.9,0.5,0.477101316553768,0.322751316553768,0.690725210596636,0.56811206337638,1.90840526621507,1.29100526621507
33,"cluster_a50","cluster",0.5,0.2,0.518416678715606,0.364066678715606,0.720011582348233,0.603379382076986,12.9604169678901,9.10166696789014
33,"cluster_a50","cluster",0.5,0.5,0.518416678715606,0.364066678715606,0.720011582348233,0.603379382076986,2.07366671486242,1.45626671486242
33,"cluster_a90","cluster",0.9,0.2,0.55169500230746,0.39734500230746,0.742761739932436,0.630353077495034,13.7923750576865,9.9336250576865
33,"cluster_a90","cluster",0.9,0.5,0.55169500230746,0.39734500230746,0.742761739932436,0.630353077495034,2.20678000922984,1.58938000922984
34,"coordinate_a50","coordinate",0.5,0.2,0.463478998126599,0.309128998126599,0.680792918681297,0.555993703315603,11.586974953165,7.72822495316497
34,"coordinate_a50","coordinate",0.5,0.5,0.463478998126599,0.309128998126599,0.680792918681297,0.555993703315603,1.8539159925064,1.2365159925064
34,"coordinate_a90","coordinate",0.9,0.2,0.475312048643104,0.320962048643104,0.689428784315758,0.566535125692224,11.8828012160776,8.02405121607761
34,"coordinate_a90","coordinate",0.9,0.5,0.475312048643104,0.320962048643104,0.689428784315758,0.566535125692224,1.90124819457242,1.28384819457242
34,"cluster_a50","cluster",0.5,0.2,0.525649542449119,0.371299542449119,0.725016925629408,0.60934353401765,13.141238561228,9.28248856122797
34,"cluster_a50","cluster",0.5,0.5,0.525649542449119,0.371299542449119,0.725016925629408,0.60934353401765,2.10259816979648,1.48519816979648
34,"cluster_a90","cluster",0.9,0.2,0.553141575054163,0.398791575054163,0.743734882235708,0.631499465600853,13.8285393763541,9.96978937635407
34,"cluster_a90","cluster",0.9,0.5,0.553141575054163,0.398791575054163,0.743734882235708,0.631499465600853,2.21256630021665,1.59516630021665
35,"coordinate_a50","coordinate",0.5,0.2,0.50973354814534,0.35538354814534,0.713956264868753,0.596140543953639,12.7433387036335,8.88458870363351
35,"coordinate_a50","coordinate",0.5,0.5,0.50973354814534,0.35538354814534,0.713956264868753,0.596140543953639,2.03893419258136,1.42153419258136
35,"coordinate_a90","coordinate",0.9,0.2,0.497146282220403,0.342796282220403,0.705086010512478,0.585488071800274,12.4286570555101,8.56990705551006
35,"coordinate_a90","coordinate",0.9,0.5,0.497146282220403,0.342796282220403,0.705086010512478,0.585488071800274,1.98858512888161,1.37118512888161
35,"cluster_a50","cluster",0.5,0.2,0.520729607973812,0.366379607973812,0.721615969871657,0.60529299349473,13.0182401993453,9.15949019934529
35,"cluster_a50","cluster",0.5,0.5,0.520729607973812,0.366379607973812,0.721615969871657,0.60529299349473,2.08291843189525,1.46551843189525
35,"cluster_a90","cluster",0.9,0.2,0.552157588159101,0.397807588159101,0.743073070538222,0.630719896752196,13.8039397039775,9.94518970397753
35,"cluster_a90","cluster",0.9,0.5,0.552157588159101,0.397807588159101,0.743073070538222,0.630719896752196,2.20863035263641,1.59123035263641
36,"coordinate_a50","coordinate",0.5,0.2,0.478645794765231,0.324295794765231,0.691842319293371,0.569469748770934,11.9661448691308,8.10739486913077
36,"coordinate_a50","coordinate",0.5,0.5,0.478645794765231,0.324295794765231,0.691842319293371,0.569469748770934,1.91458317906092,1.29718317906092
36,"coordinate_a90","coordinate",0.9,0.2,0.482102602978373,0.327752602978373,0.694336087913031,0.572496814819413,12.0525650744593,8.19381507445932
36,"coordinate_a90","coordinate",0.9,0.5,0.482102602978373,0.327752602978373,0.694336087913031,0.572496814819413,1.92841041191349,1.31101041191349
36,"cluster_a50","cluster",0.5,0.2,0.53116150768626,0.37681150768626,0.728808279101068,0.613849743574321,13.2790376921565,9.4202876921565
36,"cluster_a50","cluster",0.5,0.5,0.53116150768626,0.37681150768626,0.728808279101068,0.613849743574321,2.12464603074504,1.50724603074504
36,"cluster_a90","cluster",0.9,0.2,0.554243968101591,0.399893968101591,0.744475632980416,0.632371700901923,13.8560992025398,9.99734920253977
36,"cluster_a90","cluster",0.9,0.5,0.554243968101591,0.399893968101591,0.744475632980416,0.632371700901923,2.21697587240636,1.59957587240636
37,"coordinate_a50","coordinate",0.5,0.2,0.488467427504168,0.334117427504168,0.698904448050067,0.578028915802807,12.2116856876042,8.35293568760421
37,"coordinate_a50","coordinate",0.5,0.5,0.488467427504168,0.334117427504168,0.698904448050067,0.578028915802807,1.95386971001667,1.33646971001667
37,"coordinate_a90","coordinate",0.9,0.2,0.487180901672913,0.332830901672913,0.697983453724308,0.576914986521336,12.1795225418228,8.32077254182282
37,"coordinate_a90","coordinate",0.9,0.5,0.487180901672913,0.332830901672913,0.697983453724308,0.576914986521336,1.94872360669165,1.33132360669165
37,"cluster_a50","cluster",0.5,0.2,0.516839564262057,0.362489564262057,0.718915547378172,0.60207106246859,12.9209891065514,9.06223910655142
37,"cluster_a50","cluster",0.5,0.5,0.516839564262057,0.362489564262057,0.718915547378172,0.60207106246859,2.06735825704823,1.44995825704823
37,"cluster_a90","cluster",0.9,0.2,0.55137957941675,0.39702957941675,0.742549378436714,0.63010283241448,13.7844894854188,9.92573948541876
37,"cluster_a90","cluster",0.9,0.5,0.55137957941675,0.39702957941675,0.742549378436714,0.63010283241448,2.205518317667,1.588118317667
38,"coordinate_a50","coordinate",0.5,0.2,0.487874473326327,0.333524473326327,0.69848011662919,0.577515777556187,12.1968618331582,8.33811183315818
38,"coordinate_a50","coordinate",0.5,0.5,0.487874473326327,0.333524473326327,0.69848011662919,0.577515777556187,1.95149789330531,1.33409789330531
38,"coordinate_a90","coordinate",0.9,0.2,0.485864903091236,0.331514903091236,0.697040101494337,0.575773308769377,12.1466225772809,8.2878725772809
38,"coordinate_a90","coordinate",0.9,0.5,0.485864903091236,0.331514903091236,0.697040101494337,0.575773308769377,1.94345961236494,1.32605961236494
38,"cluster_a50","cluster",0.5,0.2,0.527850263371925,0.373500263371925,0.726533043551307,0.611146679097518,13.1962565842981,9.33750658429812
38,"cluster_a50","cluster",0.5,0.5,0.527850263371925,0.373500263371925,0.726533043551307,0.611146679097518,2.1114010534877,1.4940010534877
38,"cluster_a90","cluster",0.9,0.2,0.553581719238724,0.399231719238724,0.74403072466043,0.631847860832593,13.8395429809681,9.9807929809681
38,"cluster_a90","cluster",0.9,0.5,0.553581719238724,0.399231719238724,0.74403072466043,0.631847860832593,2.2143268769549,1.5969268769549
39,"coordinate_a50","coordinate",0.5,0.2,0.486382392104474,0.332032392104474,0.697411207326405,0.576222519608939,12.1595598026119,8.30080980261186
39,"coordinate_a50","coordinate",0.5,0.5,0.486382392104474,0.332032392104474,0.697411207326405,0.576222519608939,1.9455295684179,1.3281295684179
39,"coordinate_a90","coordinate",0.9,0.2,0.489112289159495,0.334762289159495,0.699365633384637,0.578586457808593,12.2278072289874,8.36905722898737
39,"coordinate_a90","coordinate",0.9,0.5,0.489112289159495,0.334762289159495,0.699365633384637,0.578586457808593,1.95644915663798,1.33904915663798
39,"cluster_a50","cluster",0.5,0.2,0.521432231002021,0.367082231002021,0.722102645751988,0.605873114605708,13.0358057750505,9.17705577505053
39,"cluster_a50","cluster",0.5,0.5,0.521432231002021,0.367082231002021,0.722102645751988,0.605873114605708,2.08572892400808,1.46832892400808
39,"cluster_a90","cluster",0.9,0.2,0.552298112764743,0.397948112764743,0.743167620907116,0.630831287084545,13.8074528191186,9.94870281911858
39,"cluster_a90","cluster",0.9,0.5,0.552298112764743,0.397948112764743,0.743167620907116,0.630831287084545,2.20919245105897,1.59179245105897
40,"coordinate_a50","coordinate",0.5,0.2,0.484438599811257,0.330088599811257,0.696016235307235,0.574533375715682,12.1109649952814,8.25221499528142
40,"coordinate_a50","coordinate",0.5,0.5,0.484438599811257,0.330088599811257,0.696016235307235,0.574533375715682,1.93775439924503,1.32035439924503
40,"coordinate_a90","coordinate",0.9,0.2,0.482455517395721,0.328105517395721,0.694590179455282,0.572804955805831,12.061387934893,8.20263793489301
40,"coordinate_a90","coordinate",0.9,0.5,0.482455517395721,0.328105517395721,0.694590179455282,0.572804955805831,1.92982206958288,1.31242206958288
40,"cluster_a50","cluster",0.5,0.2,0.522732298391386,0.368382298391386,0.72300228104162,0.606945053848687,13.0683074597846,9.20955745978465
40,"cluster_a50","cluster",0.5,0.5,0.522732298391386,0.368382298391386,0.72300228104162,0.606945053848687,2.09092919356554,1.47352919356554
40,"cluster_a90","cluster",0.9,0.2,0.552558126242616,0.398208126242616,0.743342536279619,0.631037341401138,13.8139531560654,9.9552031560654
40,"cluster_a90","cluster",0.9,0.5,0.552558126242616,0.398208126242616,0.743342536279619,0.631037341401138,2.21023250497046,1.59283250497046
41,"coordinate_a50","coordinate",0.5,0.2,0.484764523612544,0.330414523612544,0.696250331139989,0.574816947916938,12.1191130903136,8.2603630903136
41,"coordinate_a50","coordinate",0.5,0.5,0.484764523612544,0.330414523612544,0.696250331139989,0.574816947916938,1.93905809445018,1.32165809445018
41,"coordinate_a90","coordinate",0.9,0.2,0.485875820150529,0.331525820150529,0.697047932462703,0.575782789036394,12.1468955037632,8.28814550376321
41,"coordinate_a90","coordinate",0.9,0.5,0.485875820150529,0.331525820150529,0.697047932462703,0.575782789036394,1.94350328060211,1.32610328060211
41,"cluster_a50","cluster",0.5,0.2,0.522863296348677,0.368513296348677,0.723092868412265,0.60705296008559,13.0715824087169,9.21283240871693
41,"cluster_a50","cluster",0.5,0.5,0.522863296348677,0.368513296348677,0.723092868412265,0.60705296008559,2.09145318539471,1.47405318539471
41,"cluster_a90","cluster",0.9,0.2,0.552584325834074,0.398234325834074,0.743360158896126,0.631058100204787,13.8146081458519,9.95585814585186
41,"cluster_a90","cluster",0.9,0.5,0.552584325834074,0.398234325834074,0.743360158896126,0.631058100204787,2.2103373033363,1.5929373033363
42,"coordinate_a50","coordinate",0.5,0.2,0.480428649276655,0.326078649276655,0.693129604963354,0.571032966891278,12.0107162319164,8.15196623191638
42,"coordinate_a50","coordinate",0.5,0.5,0.480428649276655,0.326078649276655,0.693129604963354,0.571032966891278,1.92171459710662,1.30431459710662
42,"coordinate_a90","coordinate",0.9,0.2,0.48206605610865,0.32771605610865,0.694309769561577,0.572464895088468,12.0516514027163,8.19290140271625
42,"coordinate_a90","coordinate",0.9,0.5,0.48206605610865,0.32771605610865,0.694309769561577,0.572464895088468,1.9282642244346,1.3108642244346
42,"cluster_a50","cluster",0.5,0.2,0.529282605213358,0.374932605213358,0.727518113323207,0.612317405610324,13.232065130334,9.37331513033396
42,"cluster_a50","cluster",0.5,0.5,0.529282605213358,0.374932605213358,0.727518113323207,0.612317405610324,2.11713042085343,1.49973042085343
42,"cluster_a90","cluster",0.9,0.2,0.553868187607011,0.399518187607011,0.744223210876287,0.632074511119544,13.8467046901753,9.98795469017526
42,"cluster_a90","cluster",0.9,0.5,0.553868187607011,0.399518187607011,0.744223210876287,0.632074511119544,2.21547275042804,1.59807275042804
43,"coordinate_a50","coordinate",0.5,0.2,0.507054738432966,0.352704738432966,0.712077761507103,0.593889500187506,12.6763684608241,8.81761846082415
43,"coordinate_a50","coordinate",0.5,0.5,0.507054738432966,0.352704738432966,0.712077761507103,0.593889500187506,2.02821895373186,1.41081895373186
43,"coordinate_a90","coordinate",0.9,0.2,0.490992042823007,0.336642042823007,0.700708243724167,0.580208620086781,12.2748010705752,8.41605107057517
43,"coordinate_a90","coordinate",0.9,0.5,0.490992042823007,0.336642042823007,0.700708243724167,0.580208620086781,1.96396817129203,1.34656817129203
43,"cluster_a50","cluster",0.5,0.2,0.532304475510512,0.377954475510512,0.729591992493416,0.614780022048954,13.3076118877628,9.4488618877628
43,"cluster_a50","cluster",0.5,0.5,0.532304475510512,0.377954475510512,0.729591992493416,0.614780022048954,2.12921790204205,1.51181790204205
43,"cluster_a90","cluster",0.9,0.2,0.554472561666441,0.400122561666441,0.744629143712789,0.632552418117615,13.861814041661,10.003064041661
43,"cluster_a90","cluster",0.9,0.5,0.554472561666441,0.400122561666441,0.744629143712789,0.632552418117615,2.21789024666577,1.60049024666577
44,"coordinate_a50","coordinate",0.5,0.2,0.481628669428245,0.327278669428245,0.69399471858815,0.572082747011518,12.0407167357061,8.18196673570612
44,"coordinate_a50","coordinate",0.5,0.5,0.481628669428245,0.327278669428245,0.69399471858815,0.572082747011518,1.92651467771298,1.30911467771298
44,"coordinate_a90","coordinate",0.9,0.2,0.48179847812034,0.32744847812034,0.694117049293806,0.572231140467154,12.0449619530085,8.18621195300849
44,"coordinate_a90","coordinate",0.9,0.5,0.48179847812034,0.32744847812034,0.694117049293806,0.572231140467154,1.92719391248136,1.30979391248136
44,"cluster_a50","cluster",0.5,0.2,0.52290783321977,0.36855783321977,0.723123663849947,0.607089641832053,13.0726958304943,9.21394583049426
44,"cluster_a50","cluster",0.5,0.5,0.52290783321977,0.36855783321977,0.723123663849947,0.607089641832053,2.09163133287908,1.47423133287908
44,"cluster_a90","cluster",0.9,0.2,0.552593233208293,0.398243233208293,0.74336615016309,0.631065157656714,13.8148308302073,9.95608083020733
44,"cluster_a90","cluster",0.9,0.5,0.552593233208293,0.398243233208293,0.74336615016309,0.631065157656714,2.21037293283317,1.59297293283317
45,"coordinate_a50","coordinate",0.5,0.2,0.465100495981948,0.310750495981948,0.681982768097514,0.557449994153689,11.6275123995487,7.76876239954869
45,"coordinate_a50","coordinate",0.5,0.5,0.465100495981948,0.310750495981948,0.681982768097514,0.557449994153689,1.86040198392779,1.24300198392779
45,"coordinate_a90","coordinate",0.9,0.2,0.478242449150221,0.323892449150221,0.691550756741847,0.56911549719738,11.9560612287555,8.09731122875552
45,"coordinate_a90","coordinate",0.9,0.5,0.478242449150221,0.323892449150221,0.691550756741847,0.56911549719738,1.91296979660088,1.29556979660088
45,"cluster_a50","cluster",0.5,0.2,0.522279037501431,0.367929037501431,0.722688755621278,0.606571543596822,13.0569759375358,9.19822593753578
45,"cluster_a50","cluster",0.5,0.5,0.522279037501431,0.367929037501431,0.722688755621278,0.606571543596822,2.08911615000573,1.47171615000573
45,"cluster_a90","cluster",0.9,0.2,0.552467474064625,0.398117474064625,0.743281557732079,0.630965509409687,13.8116868516156,9.95293685161563
45,"cluster_a90","cluster",0.9,0.5,0.552467474064625,0.398117474064625,0.743281557732079,0.630965509409687,2.2098698962585,1.5924698962585
46,"coordinate_a50","coordinate",0.5,0.2,0.464202367357521,0.309852367357521,0.681323981199488,0.556643842467983,11.605059183938,7.74630918393801
46,"coordinate_a50","coordinate",0.5,0.5,0.464202367357521,0.309852367357521,0.681323981199488,0.556643842467983,1.85680946943008,1.23940946943008
46,"coordinate_a90","coordinate",0.9,0.2,0.475225251335309,0.320875251335309,0.689365832729843,0.566458516870662,11.8806312833827,8.02188128338273
46,"coordinate_a90","coordinate",0.9,0.5,0.475225251335309,0.320875251335309,0.689365832729843,0.566458516870662,1.90090100534124,1.28350100534124
46,"cluster_a50","cluster",0.5,0.2,0.527846009969548,0.373496009969548,0.726530116354131,0.611143199233656,13.1961502492387,9.33740024923869
46,"cluster_a50","cluster",0.5,0.5,0.527846009969548,0.373496009969548,0.726530116354131,0.611143199233656,2.11138403987819,1.49398403987819
46,"cluster_a90","cluster",0.9,0.2,0.553580868558249,0.399230868558249,0.74403015298995,0.63184718766348,13.8395217139562,9.98077171395621
46,"cluster_a90","cluster",0.9,0.5,0.553580868558249,0.399230868558249,0.74403015298995,0.63184718766348,2.21432347423299,1.59692347423299
47,"coordinate_a50","coordinate",0.5,0.2,0.485575198996187,0.331225198996187,0.69683226030099,0.575521675522466,12.1393799749047,8.28062997490467
47,"coordinate_a50","coordinate",0.5,0.5,0.485575198996187,0.331225198996187,0.69683226030099,0.575521675522466,1.94230079598475,1.32490079598475
47,"coordinate_a90","coordinate",0.9,0.2,0.487289354576773,0.332939354576773,0.698061139569288,0.577008972700402,12.1822338644193,8.32348386441931
47,"coordinate_a90","coordinate",0.9,0.5,0.487289354576773,0.332939354576773,0.698061139569288,0.577008972700402,1.94915741830709,1.33175741830709
47,"cluster_a50","cluster",0.5,0.2,0.528538066375712,0.374188066375712,0.727006235444863,0.61170913543588,13.2134516593928,9.35470165939279
47,"cluster_a50","cluster",0.5,0.5,0.528538066375712,0.374188066375712,0.727006235444863,0.61170913543588,2.11415226550285,1.49675226550285
47,"cluster_a90","cluster",0.9,0.2,0.553719279839481,0.399369279839481,0.74412316174104,0.631956707250965,13.842981995987,9.98423199598703
47,"cluster_a90","cluster",0.9,0.5,0.553719279839481,0.399369279839481,0.74412316174104,0.631956707250965,2.21487711935792,1.59747711935793
48,"coordinate_a50","coordinate",0.5,0.2,0.485633137166412,0.331283137166412,0.69687383159824,0.575572008671732,12.1408284291603,8.28207842916031
48,"coordinate_a50","coordinate",0.5,0.5,0.485633137166412,0.331283137166412,0.69687383159824,0.575572008671732,1.94253254866565,1.32513254866565
48,"coordinate_a90","coordinate",0.9,0.2,0.484713993114499,0.330363993114499,0.696214042600764,0.574772992680152,12.1178498278625,8.25909982786246
48,"coordinate_a90","coordinate",0.9,0.5,0.484713993114499,0.330363993114499,0.696214042600764,0.574772992680152,1.93885597245799,1.32145597245799
48,"cluster_a50","cluster",0.5,0.2,0.518716070104466,0.364366070104466,0.720219459681884,0.603627426567469,12.9679017526116,9.10915175261164
48,"cluster_a50","cluster",0.5,0.5,0.518716070104466,0.364366070104466,0.720219459681884,0.603627426567469,2.07486428041786,1.45746428041786
48,"cluster_a90","cluster",0.9,0.2,0.551754880585232,0.397404880585232,0.742802046702371,0.630400571529906,13.7938720146308,9.9351220146308
48,"cluster_a90","cluster",0.9,0.5,0.551754880585232,0.397404880585232,0.742802046702371,0.630400571529906,2.20701952234093,1.58961952234093
49,"coordinate_a50","coordinate",0.5,0.2,0.48812398654722,0.33377398654722,0.698658705339896,0.577731760029878,12.2030996636805,8.3443496636805
49,"coordinate_a50","coordinate",0.5,0.5,0.48812398654722,0.33377398654722,0.698658705339896,0.577731760029878,1.95249594618888,1.33509594618888
49,"coordinate_a90","coordinate",0.9,0.2,0.488934677916219,0.334584677916219,0.699238641606869,0.578432950233836,12.2233669479055,8.36461694790548
49,"coordinate_a90","coordinate",0.9,0.5,0.488934677916219,0.334584677916219,0.699238641606869,0.578432950233836,1.95573871166488,1.33833871166488
49,"cluster_a50","cluster",0.5,0.2,0.521295376113101,0.366945376113101,0.722007878151687,0.605760163854558,13.0323844028275,9.17363440282753
49,"cluster_a50","cluster",0.5,0.5,0.521295376113101,0.366945376113101,0.722007878151687,0.605760163854558,2.0851815044524,1.4677815044524
49,"cluster_a90","cluster",0.9,0.2,0.552270741786959,0.397920741786959,0.743149205602051,0.630809592339051,13.806768544674,9.94801854467398
49,"cluster_a90","cluster",0.9,0.5,0.552270741786959,0.397920741786959,0.743149205602051,0.630809592339051,2.20908296714784,1.59168296714784
50,"coordinate_a50","coordinate",0.5,0.2,0.486624813326414,0.332274813326414,0.697584986454277,0.576432835052284,12.1656203331603,8.30687033316034
50,"coordinate_a50","coordinate",0.5,0.5,0.486624813326414,0.332274813326414,0.697584986454277,0.576432835052284,1.94649925330566,1.32909925330566
50,"coordinate_a90","coordinate",0.9,0.2,0.482572100370528,0.328222100370528,0.694674096516149,0.572906711752034,12.0643025092632,8.2055525092632
50,"coordinate_a90","coordinate",0.9,0.5,0.482572100370528,0.328222100370528,0.694674096516149,0.572906711752034,1.93028840148211,1.31288840148211
50,"cluster_a50","cluster",0.5,0.2,0.524629012142199,0.370279012142199,0.724312786123646,0.608505556377424,13.115725303555,9.25697530355497
50,"cluster_a50","cluster",0.5,0.5,0.524629012142199,0.370279012142199,0.724312786123646,0.608505556377424,2.0985160485688,1.4811160485688
50,"cluster_a90","cluster",0.9,0.2,0.552937468992779,0.398587468992779,0.743597652627265,0.631337840615291,13.8234367248195,9.96468672481947
50,"cluster_a90","cluster",0.9,0.5,0.552937468992779,0.398587468992779,0.743597652627265,0.631337840615291,2.21174987597111,1.59434987597111
