"replication","truth_id","truth_structure","alpha","snr_overall_sigma_0_2","snr_dev_sigma_0_2","snr_overall_sigma_0_5","snr_dev_sigma_0_5","overall_ratio","deviation_ratio","overall_ratio_pass","deviation_ratio_pass"
1,"cluster_a50","cluster",0.5,12.9327671330967,9.07401713309666,2.06924274129547,1.45184274129547,6.25,6.25,TRUE,TRUE
1,"cluster_a90","cluster",0.9,13.7868450907278,9.92809509072781,2.20589521451645,1.58849521451645,6.25,6.25,TRUE,TRUE
1,"coordinate_a50","coordinate",0.5,11.9880255788352,8.12927557883523,1.91808409261364,1.30068409261364,6.25,6.25,TRUE,TRUE
1,"coordinate_a90","coordinate",0.9,11.9781947654916,8.11944476549165,1.91651116247866,1.29911116247866,6.25,6.25,TRUE,TRUE
10,"cluster_a50","cluster",0.5,12.9152114304218,9.05646143042182,2.06643382886749,1.44903382886749,6.25,6.25,TRUE,TRUE
10,"cluster_a90","cluster",0.9,13.7833339501928,9.92458395019284,2.20533343203085,1.58793343203085,6.25,6.25,TRUE,TRUE
10,"coordinate_a50","coordinate",0.5,12.5394630935555,8.68071309355554,2.00631409496889,1.38891409496889,6.25,6.25,TRUE,TRUE
10,"coordinate_a90","coordinate",0.9,12.27455583198,8.41580583198002,1.9639289331168,1.3465289331168,6.25,6.25,TRUE,TRUE
11,"cluster_a50","cluster",0.5,13.0550037719333,9.19625377193334,2.08880060350933,1.47140060350933,6.25,6.25,TRUE,TRUE
11,"cluster_a90","cluster",0.9,13.8112924184951,9.95254241849514,2.20980678695922,1.59240678695922,6.25,6.25,TRUE,TRUE
11,"coordinate_a50","coordinate",0.5,12.2451611097019,8.38641110970186,1.9592257775523,1.3418257775523,6.25,6.25,TRUE,TRUE
11,"coordinate_a90","coordinate",0.9,12.2266629096153,8.36791290961529,1.95626606553845,1.33886606553845,6.25,6.25,TRUE,TRUE
12,"cluster_a50","cluster",0.5,13.1135491495504,9.25479914955038,2.09816786392806,1.48076786392806,6.25,6.25,TRUE,TRUE
12,"cluster_a90","cluster",0.9,13.8230014940186,9.96425149401855,2.21168023904297,1.59428023904297,6.25,6.25,TRUE,TRUE
12,"coordinate_a50","coordinate",0.5,12.0710694010194,8.21231940101943,1.93137110416311,1.31397110416311,6.25,6.25,TRUE,TRUE
12,"coordinate_a90","coordinate",0.9,12.1284128043662,8.26966280436622,1.9405460486986,1.3231460486986,6.25,6.25,TRUE,TRUE
13,"cluster_a50","cluster",0.5,13.0474088138003,9.18865881380034,2.08758541020805,1.47018541020805,6.25,6.25,TRUE,TRUE
13,"cluster_a90","cluster",0.9,13.8097734268685,9.95102342686854,2.20956374829897,1.59216374829897,6.25,6.25,TRUE,TRUE
13,"coordinate_a50","coordinate",0.5,12.0626676512537,8.2039176512537,1.93002682420059,1.31262682420059,6.25,6.25,TRUE,TRUE
13,"coordinate_a90","coordinate",0.9,12.0442548310158,8.18550483101582,1.92708077296253,1.30968077296253,6.25,6.25,TRUE,TRUE
14,"cluster_a50","cluster",0.5,13.2595676738776,9.40081767387762,2.12153082782042,1.50413082782042,6.25,6.25,TRUE,TRUE
14,"cluster_a90","cluster",0.9,13.852205198884,9.993455198884,2.21635283182144,1.59895283182144,6.25,6.25,TRUE,TRUE
14,"coordinate_a50","coordinate",0.5,12.244150789196,8.38540078919599,1.95906412627136,1.34166412627136,6.25,6.25,TRUE,TRUE
14,"coordinate_a90","coordinate",0.9,12.1708702856936,8.31212028569364,1.94733924571098,1.32993924571098,6.25,6.25,TRUE,TRUE
15,"cluster_a50","cluster",0.5,13.2918535713177,9.4331035713177,2.12669657141083,1.50929657141083,6.25,6.25,TRUE,TRUE
15,"cluster_a90","cluster",0.9,13.858662378372,9.99991237837201,2.21738598053952,1.59998598053952,6.25,6.25,TRUE,TRUE
15,"coordinate_a50","coordinate",0.5,11.9885983375584,8.1298483375584,1.91817573400934,1.30077573400934,6.25,6.25,TRUE,TRUE
15,"coordinate_a90","coordinate",0.9,12.0318940234055,8.17314402340549,1.92510304374488,1.30770304374488,6.25,6.25,TRUE,TRUE
16,"cluster_a50","cluster",0.5,13.0330912625845,9.17434126258446,2.08529460201351,1.46789460201351,6.25,6.25,TRUE,TRUE
16,"cluster_a90","cluster",0.9,13.8069099166254,9.94815991662536,2.20910558666006,1.59170558666006,6.25,6.25,TRUE,TRUE
16,"coordinate_a50","coordinate",0.5,11.6619158365134,7.80316583651343,1.86590653384215,1.24850653384215,6.25,6.25,TRUE,TRUE
16,"coordinate_a90","coordinate",0.9,11.9274815593044,8.0687315593044,1.9083970494887,1.2909970494887,6.25,6.25,TRUE,TRUE
17,"cluster_a50","cluster",0.5,12.7539523859082,8.89520238590821,2.04063238174531,1.42323238174531,6.25,6.25,TRUE,TRUE
17,"cluster_a90","cluster",0.9,13.7510821412901,9.89233214129012,2.20017314260642,1.58277314260642,6.25,6.25,TRUE,TRUE
17,"coordinate_a50","coordinate",0.5,12.4516856508194,8.59293565081941,1.99226970413111,1.37486970413111,6.25,6.25,TRUE,TRUE
17,"coordinate_a90","coordinate",0.9,12.1779139681245,8.31916396812447,1.94846623489992,1.33106623489992,6.25,6.25,TRUE,TRUE
18,"cluster_a50","cluster",0.5,13.0569454019664,9.19819540196636,2.08911126431462,1.47171126431462,6.25,6.25,TRUE,TRUE
18,"cluster_a90","cluster",0.9,13.8116807445017,9.95293074450174,2.20986891912028,1.59246891912028,6.25,6.25,TRUE,TRUE
18,"coordinate_a50","coordinate",0.5,11.9038002740286,8.04505027402857,1.90460804384457,1.28720804384457,6.25,6.25,TRUE,TRUE
18,"coordinate_a90","coordinate",0.9,12.0182668363204,8.15951683632044,1.92292269381127,1.30552269381127,6.25,6.25,TRUE,TRUE
19,"cluster_a50","cluster",0.5,13.0198862966994,9.16113629669939,2.0831818074719,1.4657818074719,6.25,6.25,TRUE,TRUE
19,"cluster_a90","cluster",0.9,13.8042689234483,9.94551892344835,2.20868302775174,1.59128302775174,6.25,6.25,TRUE,TRUE
19,"coordinate_a50","coordinate",0.5,12.2435200293179,8.38477002931792,1.95896320469087,1.34156320469087,6.25,6.25,TRUE,TRUE
19,"coordinate_a90","coordinate",0.9,12.2171348049364,8.35838480493645,1.95474156878983,1.33734156878983,6.25,6.25,TRUE,TRUE
2,"cluster_a50","cluster",0.5,13.1439300956462,9.28518009564625,2.1030288153034,1.4856288153034,6.25,6.25,TRUE,TRUE
2,"cluster_a90","cluster",0.9,13.8290776832377,9.97032768323772,2.21265242931804,1.59525242931804,6.25,6.25,TRUE,TRUE
2,"coordinate_a50","coordinate",0.5,11.8709471359349,8.0121971359349,1.89935154174958,1.28195154174958,6.25,6.25,TRUE,TRUE
2,"coordinate_a90","coordinate",0.9,12.0529588133837,8.19420881338368,1.92847341014139,1.31107341014139,6.25,6.25,TRUE,TRUE
20,"cluster_a50","cluster",0.5,13.0063739826176,9.14762398261756,2.08101983721881,1.46361983721881,6.25,6.25,TRUE,TRUE
20,"cluster_a90","cluster",0.9,13.801566460632,9.94281646063199,2.20825063370112,1.59085063370112,6.25,6.25,TRUE,TRUE
20,"coordinate_a50","coordinate",0.5,12.5266692311746,8.66791923117459,2.00426707698794,1.38686707698794,6.25,6.25,TRUE,TRUE
20,"coordinate_a90","coordinate",0.9,12.3854491143033,8.52669911430333,1.98167185828853,1.36427185828853,6.25,6.25,TRUE,TRUE
21,"cluster_a50","cluster",0.5,13.2158664704445,9.35711647044453,2.11453863527113,1.49713863527113,6.25,6.25,TRUE,TRUE
21,"cluster_a90","cluster",0.9,13.8434649581974,9.98471495819738,2.21495439331158,1.59755439331158,6.25,6.25,TRUE,TRUE
21,"coordinate_a50","coordinate",0.5,11.7470550017108,7.88830500171084,1.87952880027373,1.26212880027373,6.25,6.25,TRUE,TRUE
21,"coordinate_a90","coordinate",0.9,11.9976007956284,8.13885079562842,1.91961612730055,1.30221612730055,6.25,6.25,TRUE,TRUE
22,"cluster_a50","cluster",0.5,12.9900989235478,9.13134892354785,2.07841582776766,1.46101582776766,6.25,6.25,TRUE,TRUE
22,"cluster_a90","cluster",0.9,13.798311448818,9.93956144881804,2.20772983181089,1.59032983181089,6.25,6.25,TRUE,TRUE
22,"coordinate_a50","coordinate",0.5,12.058475862356,8.19972586235597,1.92935613797696,1.31195613797696,6.25,6.25,TRUE,TRUE
22,"coordinate_a90","coordinate",0.9,12.0513395607623,8.1925895607623,1.92821432972197,1.31081432972197,6.25,6.25,TRUE,TRUE
23,"cluster_a50","cluster",0.5,13.1460404779799,9.28729047797991,2.10336647647679,1.48596647647679,6.25,6.25,TRUE,TRUE
23,"cluster_a90","cluster",0.9,13.8294997597045,9.97074975970446,2.21271996155271,1.59531996155271,6.25,6.25,TRUE,TRUE
23,"coordinate_a50","coordinate",0.5,12.1405850660225,8.28183506602253,1.9424936105636,1.3250936105636,6.25,6.25,TRUE,TRUE
23,"coordinate_a90","coordinate",0.9,12.0601488526385,8.20139885263848,1.92962381642216,1.31222381642216,6.25,6.25,TRUE,TRUE
24,"cluster_a50","cluster",0.5,13.0657294011168,9.20697940111682,2.09051670417869,1.47311670417869,6.25,6.25,TRUE,TRUE
24,"cluster_a90","cluster",0.9,13.8134375443318,9.95468754433184,2.21015000709309,1.59275000709309,6.25,6.25,TRUE,TRUE
24,"coordinate_a50","coordinate",0.5,12.0813457101814,8.22259571018145,1.93301531362903,1.31561531362903,6.25,6.25,TRUE,TRUE
24,"coordinate_a90","coordinate",0.9,12.1108647016497,8.25211470164972,1.93773835226396,1.32033835226395,6.25,6.25,TRUE,TRUE
25,"cluster_a50","cluster",0.5,12.8271686344922,8.96841863449218,2.05234698151875,1.43494698151875,6.25,6.25,TRUE,TRUE
25,"cluster_a90","cluster",0.9,13.7657253910069,9.90697539100691,2.20251606256111,1.58511606256111,6.25,6.25,TRUE,TRUE
25,"coordinate_a50","coordinate",0.5,12.4386860580513,8.57993605805135,1.99018976928822,1.37278976928822,6.25,6.25,TRUE,TRUE
25,"coordinate_a90","coordinate",0.9,12.2142431469512,8.35549314695117,1.95427890351219,1.33687890351219,6.25,6.25,TRUE,TRUE
26,"cluster_a50","cluster",0.5,13.2362030083089,9.37745300830895,2.11779248132943,1.50039248132943,6.25,6.25,TRUE,TRUE
26,"cluster_a90","cluster",0.9,13.8475322657703,9.98878226577026,2.21560516252324,1.59820516252324,6.25,6.25,TRUE,TRUE
26,"coordinate_a50","coordinate",0.5,11.8540769442491,7.99532694424913,1.89665231107986,1.27925231107986,6.25,6.25,TRUE,TRUE
26,"coordinate_a90","coordinate",0.9,11.983676517935,8.12492651793497,1.91738824286959,1.29998824286959,6.25,6.25,TRUE,TRUE
27,"cluster_a50","cluster",0.5,12.7972058692242,8.93845586922421,2.04755293907587,1.43015293907587,6.25,6.25,TRUE,TRUE
27,"cluster_a90","cluster",0.9,13.7597328379533,9.90098283795332,2.20155725407253,1.58415725407253,6.25,6.25,TRUE,TRUE
27,"coordinate_a50","coordinate",0.5,12.1090776087526,8.25032760875259,1.93745241740041,1.32005241740041,6.25,6.25,TRUE,TRUE
27,"coordinate_a90","coordinate",0.9,12.1419983695727,8.28324836957274,1.94271973913164,1.32531973913164,6.25,6.25,TRUE,TRUE
28,"cluster_a50","cluster",0.5,13.1149220798828,9.25617207988277,2.09838753278124,1.48098753278124,6.25,6.25,TRUE,TRUE
28,"cluster_a90","cluster",0.9,13.823276080085,9.96452608008503,2.2117241728136,1.5943241728136,6.25,6.25,TRUE,TRUE
28,"coordinate_a50","coordinate",0.5,11.8853119312208,8.02656193122076,1.90164990899532,1.28424990899532,6.25,6.25,TRUE,TRUE
28,"coordinate_a90","coordinate",0.9,12.0744491085704,8.21569910857036,1.93191185737126,1.31451185737126,6.25,6.25,TRUE,TRUE
29,"cluster_a50","cluster",0.5,13.1949371331655,9.3361871331655,2.11118994130648,1.49378994130648,6.25,6.25,TRUE,TRUE
29,"cluster_a90","cluster",0.9,13.8392790907416,9.98052909074157,2.21428465451865,1.59688465451865,6.25,6.25,TRUE,TRUE
29,"coordinate_a50","coordinate",0.5,12.4638195094109,8.60506950941088,1.99421112150574,1.37681112150574,6.25,6.25,TRUE,TRUE
29,"coordinate_a90","coordinate",0.9,12.3044164927194,8.44566649271941,1.96870663883511,1.35130663883511,6.25,6.25,TRUE,TRUE
3,"cluster_a50","cluster",0.5,12.9756705340396,9.11692053403956,2.07610728544633,1.45870728544633,6.25,6.25,TRUE,TRUE
3,"cluster_a90","cluster",0.9,13.7954257709164,9.93667577091638,2.20726812334662,1.58986812334662,6.25,6.25,TRUE,TRUE
3,"coordinate_a50","coordinate",0.5,11.9540106623599,8.09526066235993,1.91264170597759,1.29524170597759,6.25,6.25,TRUE,TRUE
3,"coordinate_a90","coordinate",0.9,12.1160304527745,8.25728045277446,1.93856487244391,1.32116487244391,6.25,6.25,TRUE,TRUE
30,"cluster_a50","cluster",0.5,12.8997489631459,9.04099896314586,2.06395983410334,1.44655983410334,6.25,6.25,TRUE,TRUE
30,"cluster_a90","cluster",0.9,13.7802414567376,9.92149145673765,2.20483863307802,1.58743863307802,6.25,6.25,TRUE,TRUE
30,"coordinate_a50","coordinate",0.5,12.1076148447835,8.24886484478352,1.93721837516536,1.31981837516536,6.25,6.25,TRUE,TRUE
30,"coordinate_a90","coordinate",0.9,12.1380134252376,8.2792634252376,1.94208214803802,1.32468214803802,6.25,6.25,TRUE,TRUE
31,"cluster_a50","cluster",0.5,13.0684323085316,9.20968230853164,2.09094916936506,1.47354916936506,6.25,6.25,TRUE,TRUE
31,"cluster_a90","cluster",0.9,13.8139781258148,9.9552281258148,2.21023650013037,1.59283650013037,6.25,6.25,TRUE,TRUE
31,"coordinate_a50","coordinate",0.5,12.2326133909077,8.37386339090773,1.95721814254524,1.33981814254524,6.25,6.25,TRUE,TRUE
31,"coordinate_a90","coordinate",0.9,12.1746605342515,8.3159105342515,1.94794568548024,1.33054568548024,6.25,6.25,TRUE,TRUE
32,"cluster_a50","cluster",0.5,13.1910305414908,9.33228054149082,2.11056488663853,1.49316488663853,6.25,6.25,TRUE,TRUE
32,"cluster_a90","cluster",0.9,13.8384977724066,9.97974777240664,2.21415964358506,1.59675964358506,6.25,6.25,TRUE,TRUE
32,"coordinate_a50","coordinate",0.5,12.0004689547237,8.14171895472373,1.9200750327558,1.3026750327558,6.25,6.25,TRUE,TRUE
32,"coordinate_a90","coordinate",0.9,12.0645076935532,8.20575769355323,1.93032123096852,1.31292123096852,6.25,6.25,TRUE,TRUE
33,"cluster_a50","cluster",0.5,12.9604169678901,9.10166696789014,2.07366671486242,1.45626671486242,6.25,6.25,TRUE,TRUE
33,"cluster_a90","cluster",0.9,13.7923750576865,9.9336250576865,2.20678000922984,1.58938000922984,6.25,6.25,TRUE,TRUE
33,"coordinate_a50","coordinate",0.5,11.8262507621379,7.96750076213794,1.89220012194207,1.27480012194207,6.25,6.25,TRUE,TRUE
33,"coordinate_a90","coordinate",0.9,11.9275329138442,8.06878291384419,1.90840526621507,1.29100526621507,6.25,6.25,TRUE,TRUE
34,"cluster_a50","cluster",0.5,13.141238561228,9.28248856122797,2.10259816979648,1.48519816979648,6.25,6.25,TRUE,TRUE
34,"cluster_a90","cluster",0.9,13.8285393763541,9.96978937635407,2.21256630021665,1.59516630021665,6.25,6.25,TRUE,TRUE
34,"coordinate_a50","coordinate",0.5,11.586974953165,7.72822495316497,1.8539159925064,1.2365159925064,6.25,6.25,TRUE,TRUE
34,"coordinate_a90","coordinate",0.9,11.8828012160776,8.02405121607761,1.90124819457242,1.28384819457242,6.25,6.25,TRUE,TRUE
35,"cluster_a50","cluster",0.5,13.0182401993453,9.15949019934529,2.08291843189525,1.46551843189525,6.25,6.25,TRUE,TRUE
35,"cluster_a90","cluster",0.9,13.8039397039775,9.94518970397753,2.20863035263641,1.59123035263641,6.25,6.25,TRUE,TRUE
35,"coordinate_a50","coordinate",0.5,12.7433387036335,8.88458870363351,2.03893419258136,1.42153419258136,6.25,6.25,TRUE,TRUE
35,"coordinate_a90","coordinate",0.9,12.4286570555101,8.56990705551006,1.98858512888161,1.37118512888161,6.25,6.25,TRUE,TRUE
36,"cluster_a50","cluster",0.5,13.2790376921565,9.4202876921565,2.12464603074504,1.50724603074504,6.25,6.25,TRUE,TRUE
36,"cluster_a90","cluster",0.9,13.8560992025398,9.99734920253977,2.21697587240636,1.59957587240636,6.25,6.25,TRUE,TRUE
36,"coordinate_a50","coordinate",0.5,11.9661448691308,8.10739486913077,1.91458317906092,1.29718317906092,6.25,6.25,TRUE,TRUE
36,"coordinate_a90","coordinate",0.9,12.0525650744593,8.19381507445932,1.92841041191349,1.31101041191349,6.25,6.25,TRUE,TRUE
37,"cluster_a50","cluster",0.5,12.9209891065514,9.06223910655142,2.06735825704823,1.44995825704823,6.25,6.25,TRUE,TRUE
37,"cluster_a90","cluster",0.9,13.7844894854188,9.92573948541876,2.205518317667,1.588118317667,6.25,6.25,TRUE,TRUE
37,"coordinate_a50","coordinate",0.5,12.2116856876042,8.35293568760421,1.95386971001667,1.33646971001667,6.25,6.25,TRUE,TRUE
37,"coordinate_a90","coordinate",0.9,12.1795225418228,8.32077254182282,1.94872360669165,1.33132360669165,6.25,6.25,TRUE,TRUE
38,"cluster_a50","cluster",0.5,13.1962565842981,9.33750658429812,2.1114010534877,1.4940010534877,6.25,6.25,TRUE,TRUE
38,"cluster_a90","cluster",0.9,13.8395429809681,9.9807929809681,2.2143268769549,1.5969268769549,6.25,6.25,TRUE,TRUE
38,"coordinate_a50","coordinate",0.5,12.1968618331582,8.33811183315818,1.95149789330531,1.33409789330531,6.25,6.25,TRUE,TRUE
38,"coordinate_a90","coordinate",0.9,12.1466225772809,8.2878725772809,1.94345961236494,1.32605961236494,6.25,6.25,TRUE,TRUE
39,"cluster_a50","cluster",0.5,13.0358057750505,9.17705577505053,2.08572892400808,1.46832892400808,6.25,6.25,TRUE,TRUE
39,"cluster_a90","cluster",0.9,13.8074528191186,9.94870281911858,2.20919245105897,1.59179245105897,6.25,6.25,TRUE,TRUE
39,"coordinate_a50","coordinate",0.5,12.1595598026119,8.30080980261186,1.9455295684179,1.3281295684179,6.25,6.25,TRUE,TRUE
39,"coordinate_a90","coordinate",0.9,12.2278072289874,8.36905722898737,1.95644915663798,1.33904915663798,6.25,6.25,TRUE,TRUE
4,"cluster_a50","cluster",0.5,13.0716472851532,9.21289728515324,2.09146356562452,1.47406356562452,6.25,6.25,TRUE,TRUE
4,"cluster_a90","cluster",0.9,13.8146211211391,9.95587112113912,2.21033937938226,1.59293937938226,6.25,6.25,TRUE,TRUE
4,"coordinate_a50","coordinate",0.5,11.7998655816676,7.94111558166759,1.88797849306681,1.27057849306681,6.25,6.25,TRUE,TRUE
4,"coordinate_a90","coordinate",0.9,11.942562648264,8.08381264826401,1.91081002372224,1.29341002372224,6.25,6.25,TRUE,TRUE
40,"cluster_a50","cluster",0.5,13.0683074597846,9.20955745978465,2.09092919356554,1.47352919356554,6.25,6.25,TRUE,TRUE
40,"cluster_a90","cluster",0.9,13.8139531560654,9.9552031560654,2.21023250497046,1.59283250497046,6.25,6.25,TRUE,TRUE
40,"coordinate_a50","coordinate",0.5,12.1109649952814,8.25221499528142,1.93775439924503,1.32035439924503,6.25,6.25,TRUE,TRUE
40,"coordinate_a90","coordinate",0.9,12.061387934893,8.20263793489301,1.92982206958288,1.31242206958288,6.25,6.25,TRUE,TRUE
41,"cluster_a50","cluster",0.5,13.0715824087169,9.21283240871693,2.09145318539471,1.47405318539471,6.25,6.25,TRUE,TRUE
41,"cluster_a90","cluster",0.9,13.8146081458519,9.95585814585186,2.2103373033363,1.5929373033363,6.25,6.25,TRUE,TRUE
41,"coordinate_a50","coordinate",0.5,12.1191130903136,8.2603630903136,1.93905809445018,1.32165809445018,6.25,6.25,TRUE,TRUE
41,"coordinate_a90","coordinate",0.9,12.1468955037632,8.28814550376321,1.94350328060211,1.32610328060211,6.25,6.25,TRUE,TRUE
42,"cluster_a50","cluster",0.5,13.232065130334,9.37331513033396,2.11713042085343,1.49973042085343,6.25,6.25,TRUE,TRUE
42,"cluster_a90","cluster",0.9,13.8467046901753,9.98795469017526,2.21547275042804,1.59807275042804,6.25,6.25,TRUE,TRUE
42,"coordinate_a50","coordinate",0.5,12.0107162319164,8.15196623191638,1.92171459710662,1.30431459710662,6.25,6.25,TRUE,TRUE
42,"coordinate_a90","coordinate",0.9,12.0516514027163,8.19290140271625,1.9282642244346,1.3108642244346,6.25,6.25,TRUE,TRUE
43,"cluster_a50","cluster",0.5,13.3076118877628,9.4488618877628,2.12921790204205,1.51181790204205,6.25,6.25,TRUE,TRUE
43,"cluster_a90","cluster",0.9,13.861814041661,10.003064041661,2.21789024666577,1.60049024666577,6.25,6.25,TRUE,TRUE
43,"coordinate_a50","coordinate",0.5,12.6763684608241,8.81761846082415,2.02821895373186,1.41081895373186,6.25,6.25,TRUE,TRUE
43,"coordinate_a90","coordinate",0.9,12.2748010705752,8.41605107057517,1.96396817129203,1.34656817129203,6.25,6.25,TRUE,TRUE
44,"cluster_a50","cluster",0.5,13.0726958304943,9.21394583049426,2.09163133287908,1.47423133287908,6.25,6.25,TRUE,TRUE
44,"cluster_a90","cluster",0.9,13.8148308302073,9.95608083020733,2.21037293283317,1.59297293283317,6.25,6.25,TRUE,TRUE
44,"coordinate_a50","coordinate",0.5,12.0407167357061,8.18196673570612,1.92651467771298,1.30911467771298,6.25,6.25,TRUE,TRUE
44,"coordinate_a90","coordinate",0.9,12.0449619530085,8.18621195300849,1.92719391248136,1.30979391248136,6.25,6.25,TRUE,TRUE
45,"cluster_a50","cluster",0.5,13.0569759375358,9.19822593753578,2.08911615000573,1.47171615000573,6.25,6.25,TRUE,TRUE
45,"cluster_a90","cluster",0.9,13.8116868516156,9.95293685161563,2.2098698962585,1.5924698962585,6.25,6.25,TRUE,TRUE
45,"coordinate_a50","coordinate",0.5,11.6275123995487,7.76876239954869,1.86040198392779,1.24300198392779,6.25,6.25,TRUE,TRUE
45,"coordinate_a90","coordinate",0.9,11.9560612287555,8.09731122875552,1.91296979660088,1.29556979660088,6.25,6.25,TRUE,TRUE
46,"cluster_a50","cluster",0.5,13.1961502492387,9.33740024923869,2.11138403987819,1.49398403987819,6.25,6.25,TRUE,TRUE
46,"cluster_a90","cluster",0.9,13.8395217139562,9.98077171395621,2.21432347423299,1.59692347423299,6.25,6.25,TRUE,TRUE
46,"coordinate_a50","coordinate",0.5,11.605059183938,7.74630918393801,1.85680946943008,1.23940946943008,6.25,6.25,TRUE,TRUE
46,"coordinate_a90","coordinate",0.9,11.8806312833827,8.02188128338273,1.90090100534124,1.28350100534124,6.25,6.25,TRUE,TRUE
47,"cluster_a50","cluster",0.5,13.2134516593928,9.35470165939279,2.11415226550285,1.49675226550285,6.25,6.25,TRUE,TRUE
47,"cluster_a90","cluster",0.9,13.842981995987,9.98423199598703,2.21487711935792,1.59747711935793,6.25,6.25,TRUE,TRUE
47,"coordinate_a50","coordinate",0.5,12.1393799749047,8.28062997490467,1.94230079598475,1.32490079598475,6.25,6.25,TRUE,TRUE
47,"coordinate_a90","coordinate",0.9,12.1822338644193,8.32348386441931,1.94915741830709,1.33175741830709,6.25,6.25,TRUE,TRUE
48,"cluster_a50","cluster",0.5,12.9679017526116,9.10915175261164,2.07486428041786,1.45746428041786,6.25,6.25,TRUE,TRUE
48,"cluster_a90","cluster",0.9,13.7938720146308,9.9351220146308,2.20701952234093,1.58961952234093,6.25,6.25,TRUE,TRUE
48,"coordinate_a50","coordinate",0.5,12.1408284291603,8.28207842916031,1.94253254866565,1.32513254866565,6.25,6.25,TRUE,TRUE
48,"coordinate_a90","coordinate",0.9,12.1178498278625,8.25909982786246,1.93885597245799,1.32145597245799,6.25,6.25,TRUE,TRUE
49,"cluster_a50","cluster",0.5,13.0323844028275,9.17363440282753,2.0851815044524,1.4677815044524,6.25,6.25,TRUE,TRUE
49,"cluster_a90","cluster",0.9,13.806768544674,9.94801854467398,2.20908296714784,1.59168296714784,6.25,6.25,TRUE,TRUE
49,"coordinate_a50","coordinate",0.5,12.2030996636805,8.3443496636805,1.95249594618888,1.33509594618888,6.25,6.25,TRUE,TRUE
49,"coordinate_a90","coordinate",0.9,12.2233669479055,8.36461694790548,1.95573871166488,1.33833871166488,6.25,6.25,TRUE,TRUE
5,"cluster_a50","cluster",0.5,12.9901897306733,9.13143973067328,2.07843035690772,1.46103035690772,6.25,6.25,TRUE,TRUE
5,"cluster_a90","cluster",0.9,13.7983296102431,9.93957961024313,2.2077327376389,1.5903327376389,6.25,6.25,TRUE,TRUE
5,"coordinate_a50","coordinate",0.5,12.4325384849615,8.57378848496152,1.98920615759384,1.37180615759384,6.25,6.25,TRUE,TRUE
5,"coordinate_a90","coordinate",0.9,12.3299160112696,8.47116601126965,1.97278656180314,1.35538656180314,6.25,6.25,TRUE,TRUE
50,"cluster_a50","cluster",0.5,13.115725303555,9.25697530355497,2.0985160485688,1.4811160485688,6.25,6.25,TRUE,TRUE
50,"cluster_a90","cluster",0.9,13.8234367248195,9.96468672481947,2.21174987597111,1.59434987597111,6.25,6.25,TRUE,TRUE
50,"coordinate_a50","coordinate",0.5,12.1656203331603,8.30687033316034,1.94649925330566,1.32909925330566,6.25,6.25,TRUE,TRUE
50,"coordinate_a90","coordinate",0.9,12.0643025092632,8.2055525092632,1.93028840148211,1.31288840148211,6.25,6.25,TRUE,TRUE
6,"cluster_a50","cluster",0.5,13.1145671575785,9.25581715757851,2.09833074521256,1.48093074521256,6.25,6.25,TRUE,TRUE
6,"cluster_a90","cluster",0.9,13.8232050956242,9.96445509562418,2.21171281529987,1.59431281529987,6.25,6.25,TRUE,TRUE
6,"coordinate_a50","coordinate",0.5,12.1608742407825,8.30212424078252,1.9457398785252,1.3283398785252,6.25,6.25,TRUE,TRUE
6,"coordinate_a90","coordinate",0.9,12.1467287064685,8.28797870646851,1.94347659303496,1.32607659303496,6.25,6.25,TRUE,TRUE
7,"cluster_a50","cluster",0.5,13.0538033598907,9.19505335989069,2.08860853758251,1.47120853758251,6.25,6.25,TRUE,TRUE
7,"cluster_a90","cluster",0.9,13.8110523360866,9.95230233608661,2.20976837377386,1.59236837377386,6.25,6.25,TRUE,TRUE
7,"coordinate_a50","coordinate",0.5,11.4702394596563,7.61148945965634,1.83523831354501,1.21783831354501,6.25,6.25,TRUE,TRUE
7,"coordinate_a90","coordinate",0.9,11.89810422765,8.03935422764999,1.903696676424,1.286296676424,6.25,6.25,TRUE,TRUE
8,"cluster_a50","cluster",0.5,13.1403732668921,9.28162326689213,2.10245972270274,1.48505972270274,6.25,6.25,TRUE,TRUE
8,"cluster_a90","cluster",0.9,13.8283663174869,9.9696163174869,2.2125386107979,1.5951386107979,6.25,6.25,TRUE,TRUE
8,"coordinate_a50","coordinate",0.5,12.2010920070206,8.34234200702057,1.95217472112329,1.33477472112329,6.25,6.25,TRUE,TRUE
8,"coordinate_a90","coordinate",0.9,12.2283076024642,8.36955760246418,1.95652921639427,1.33912921639427,6.25,6.25,TRUE,TRUE
9,"cluster_a50","cluster",0.5,12.9413941687211,9.08264416872115,2.07062306699538,1.45322306699538,6.25,6.25,TRUE,TRUE
9,"cluster_a90","cluster",0.9,13.7885704978527,9.9298204978527,2.20617127965643,1.58877127965643,6.25,6.25,TRUE,TRUE
9,"coordinate_a50","coordinate",0.5,12.0210814397746,8.16233143977463,1.92337303036394,1.30597303036394,6.25,6.25,TRUE,TRUE
9,"coordinate_a90","coordinate",0.9,12.0477691624998,8.18901916249984,1.92764306599997,1.31024306599997,6.25,6.25,TRUE,TRUE
